gate_precision,gate_recall,gate_f1,circuit
0.9853301398943988,1.0,0.992610871204332,Abu Dhabi Grand Prix
0.9922424056223357,1.0,0.9961060991595343,Australian Grand Prix
0.9817847727091156,1.0,0.990808675320487,Austrian Grand Prix
0.9915810827944719,1.0,0.9957727469505208,Azerbaijan Grand Prix
0.9914536294084717,1.0,0.9957084762279568,Bahrain Grand Prix
0.9882639990240332,0.9996791470247057,0.9939387990478761,Belgian Grand Prix
0.988342953681543,0.9999715115947809,0.9941232281178753,British Grand Prix
0.9960830799360924,1.0,0.9980376968758069,Canadian Grand Prix
0.9952980529521285,1.0,0.997643486374923,Chinese Grand Prix
0.9740149829169671,0.9998712915889053,0.9867737889204681,Dutch Grand Prix
0.9951527038386102,1.0,0.997570463578019,Emilia Romagna Grand Prix
0.9787576352530541,0.9999721401905611,0.9892511644571838,Hungarian Grand Prix
0.9855865065167391,1.0,0.992740939044481,Italian Grand Prix
0.9551475500472252,0.9982184129429892,0.9762081346753781,Japanese Grand Prix
0.9848432055749129,1.0,0.9923637321162118,Las Vegas Grand Prix
0.9991923606822177,1.0,0.9995960172049143,Mexico City Grand Prix
0.9767192179465446,1.0,0.9882225144359956,Miami Grand Prix
0.9902040325730942,0.9999696546701463,0.9950628840608156,Monaco Grand Prix
0.983971610936458,1.0,0.9919210592655726,Qatar Grand Prix
0.9776151853742461,0.9997293273785357,0.9885485967729601,Saudi Arabian Grand Prix
0.9820006457167456,0.9985500109433136,0.9902061855670103,Singapore Grand Prix
0.9988210818307905,1.0,0.9994101932484474,Spanish Grand Prix
0.9972769501842063,1.0,0.9986366188146604,São Paulo Grand Prix
0.9765483934126656,0.9994211287988423,0.9878523800092428,United States Grand Prix
