year,gp,driver,sector_id,initial_SoC,converged,v_max_solved_ms,v_max_solved_kph,n_intervals_above_355kph,env_perm_err_W
2025,Italian Grand Prix,ALO,6,0.1,True,93.85968931551375,337.8948815358495,0,
2025,Italian Grand Prix,ALO,6,0.2,True,94.76986666055193,341.1715199779869,0,
2025,Italian Grand Prix,ALO,6,0.30000000000000004,True,96.06892311691874,345.8481232209075,0,
2025,Italian Grand Prix,ALO,6,0.4,True,97.68582564794802,351.6689723326129,0,
2025,Italian Grand Prix,ALO,6,0.5,True,98.88314753219106,355.9793311158878,15,2312.6257272830676
2025,Italian Grand Prix,ALO,6,0.6,True,98.88316877055341,355.97940757399226,15,2312.939578288153
2025,Italian Grand Prix,ALO,6,0.7000000000000001,True,98.88319802940592,355.9795129058613,15,2312.9827443638083
2025,Italian Grand Prix,ALO,6,0.8,True,98.88320571733863,355.9795405824191,15,2313.004135056565
2025,Italian Grand Prix,ALO,6,0.9,True,98.88340859105176,355.98027092778636,15,2312.878286160569
2025,Italian Grand Prix,ALO,6,1.0,True,98.88321434627898,355.9795716466043,15,2313.0322873216164
2025,Italian Grand Prix,TSU,2,0.1,True,95.09045465254113,342.3256367491481,0,
2025,Italian Grand Prix,TSU,2,0.2,True,97.57603671372433,351.2737321694076,0,
2025,Italian Grand Prix,TSU,2,0.30000000000000004,True,98.65436722797922,355.1557220207252,5,2344.5016434145277
2025,Italian Grand Prix,TSU,2,0.4,True,98.65291978604205,355.1505112297514,5,2415.440348764503
2025,Italian Grand Prix,TSU,2,0.5,True,98.65106153876673,355.14382153956024,5,2432.2375705427
2025,Italian Grand Prix,TSU,2,0.6,True,98.65107676606401,355.14387635783044,5,2431.73104244369
2025,Italian Grand Prix,TSU,2,0.7000000000000001,True,98.65302196334494,355.1508790680418,5,2413.1142408021765
2025,Italian Grand Prix,TSU,2,0.8,True,98.65340902006974,355.15227247225107,5,2401.9866385263463
2025,Italian Grand Prix,TSU,2,0.9,True,98.65273692709371,355.1498529375374,5,2420.3828536196906
2025,Italian Grand Prix,TSU,2,1.0,True,98.6511195256863,355.1440302924707,5,2429.479169424631
2024,Japanese Grand Prix,SAI,13,0.1,True,93.87280331047633,337.9420919177148,0,
2024,Japanese Grand Prix,SAI,13,0.2,True,94.76682448187645,341.16056813475524,0,
2024,Japanese Grand Prix,SAI,13,0.30000000000000004,True,95.89600297757454,345.22561071926833,0,
2024,Japanese Grand Prix,SAI,13,0.4,True,97.40069719046119,350.6425098856603,0,
2024,Japanese Grand Prix,SAI,13,0.5,True,98.88977163671395,356.0031778921702,15,1680.498906461668
2024,Japanese Grand Prix,SAI,13,0.6,True,98.88934764274008,356.00165151386426,15,1680.9315776029325
2024,Japanese Grand Prix,SAI,13,0.7000000000000001,True,98.89018289781542,356.0046584321355,15,1679.4403740879834
2024,Japanese Grand Prix,SAI,13,0.8,True,98.890094545979,356.0043403655244,15,1679.6176700233177
2024,Japanese Grand Prix,SAI,13,0.9,True,98.89004867693299,356.00417523695876,15,1679.709556552119
2024,Japanese Grand Prix,SAI,13,1.0,True,98.8889509785366,356.00022352273174,15,1680.9824369297335
2024,Bahrain Grand Prix,SAR,12,0.1,True,88.56759717593737,318.84334983337453,0,
2024,Bahrain Grand Prix,SAR,12,0.2,True,90.15713817816645,324.5656974413992,0,
2024,Bahrain Grand Prix,SAR,12,0.30000000000000004,True,92.12418946340219,331.64708206824787,0,
2024,Bahrain Grand Prix,SAR,12,0.4,True,94.61684944058128,340.6206579860926,0,
2024,Bahrain Grand Prix,SAR,12,0.5,True,97.81762542610313,352.1434515339713,0,
2024,Bahrain Grand Prix,SAR,12,0.6,True,98.48725125590693,354.55410452126495,0,
2024,Bahrain Grand Prix,SAR,12,0.7000000000000001,True,98.48724245939111,354.554072853808,0,
2024,Bahrain Grand Prix,SAR,12,0.8,True,98.48724709684026,354.554089548625,0,
2024,Bahrain Grand Prix,SAR,12,0.9,True,98.48725246939267,354.5541088898136,0,
2024,Bahrain Grand Prix,SAR,12,1.0,True,98.48724572864471,354.55408462312096,0,
2024,Italian Grand Prix,HAM,1,0.1,True,82.57201532221927,297.2592551599894,0,
2024,Italian Grand Prix,HAM,1,0.2,True,84.1719182755215,303.01890579187744,0,
2024,Italian Grand Prix,HAM,1,0.30000000000000004,True,87.56210340614525,315.2235722621229,0,
2024,Italian Grand Prix,HAM,1,0.4,True,91.54703563175832,329.56932827432996,0,
2024,Italian Grand Prix,HAM,1,0.5,True,95.34931901244421,343.25754844479917,0,
2024,Italian Grand Prix,HAM,1,0.6,True,95.34774463588008,343.2518806891683,0,
2024,Italian Grand Prix,HAM,1,0.7000000000000001,True,95.34812594881372,343.2532534157294,0,
2024,Italian Grand Prix,HAM,1,0.8,True,95.3475089592435,343.2510322532766,0,
2024,Italian Grand Prix,HAM,1,0.9,True,95.34775152043848,343.2519054735785,0,
2024,Italian Grand Prix,HAM,1,1.0,True,95.34703004435126,343.2493081596645,0,
2025,Saudi Arabian Grand Prix,HAM,20,0.1,True,97.53737329793974,351.13454387258304,0,
2025,Saudi Arabian Grand Prix,HAM,20,0.2,True,98.04703827605532,352.9693377937991,0,
2025,Saudi Arabian Grand Prix,HAM,20,0.30000000000000004,True,98.04756656820805,352.971239645549,0,
2025,Saudi Arabian Grand Prix,HAM,20,0.4,True,98.04676501678246,352.96835406041686,0,
2025,Saudi Arabian Grand Prix,HAM,20,0.5,True,98.04698194290259,352.96913499444935,0,
2025,Saudi Arabian Grand Prix,HAM,20,0.6,True,98.04664082482773,352.96790696937984,0,
2025,Saudi Arabian Grand Prix,HAM,20,0.7000000000000001,True,98.04697261122523,352.9691014004108,0,
2025,Saudi Arabian Grand Prix,HAM,20,0.8,True,98.04664553319013,352.96792391948446,0,
2025,Saudi Arabian Grand Prix,HAM,20,0.9,True,98.04691516724714,352.9688946020897,0,
2025,Saudi Arabian Grand Prix,HAM,20,1.0,True,98.04652150184506,352.9674774066422,0,
2024,Miami Grand Prix,ALB,7,0.1,True,83.4898060482502,300.56330177370074,0,
2024,Miami Grand Prix,ALB,7,0.2,True,85.84388239798002,309.0379766327281,0,
2024,Miami Grand Prix,ALB,7,0.30000000000000004,True,88.72791801098309,319.42050483953915,0,
2024,Miami Grand Prix,ALB,7,0.4,True,92.26754011766513,332.1631444235945,0,
2024,Miami Grand Prix,ALB,7,0.5,True,96.60825771057073,347.7897277580546,0,
2024,Miami Grand Prix,ALB,7,0.6,True,96.97526817407874,349.11096542668344,0,
2024,Miami Grand Prix,ALB,7,0.7000000000000001,True,96.96282084824357,349.0661550536768,0,
2024,Miami Grand Prix,ALB,7,0.8,True,96.96512377498706,349.0744455899534,0,
2024,Miami Grand Prix,ALB,7,0.9,True,96.96801670373424,349.08486013344327,0,
2024,Miami Grand Prix,ALB,7,1.0,True,96.9747468191143,349.1090885488115,0,
2024,British Grand Prix,STR,1,0.1,True,90.9762690030657,327.5145684110365,0,
2024,British Grand Prix,STR,1,0.2,True,93.46516951843518,336.47461026636665,0,
2024,British Grand Prix,STR,1,0.30000000000000004,True,93.46332181721209,336.4679585419635,0,
2024,British Grand Prix,STR,1,0.4,True,93.46552914148974,336.47590490936307,0,
2024,British Grand Prix,STR,1,0.5,True,93.46499924456916,336.473997280449,0,
2024,British Grand Prix,STR,1,0.6,True,93.466591901989,336.47973084716045,0,
2024,British Grand Prix,STR,1,0.7000000000000001,True,93.4660845322339,336.47790431604204,0,
2024,British Grand Prix,STR,1,0.8,True,93.46711256322868,336.4816052276233,0,
2024,British Grand Prix,STR,1,0.9,True,93.4680911146282,336.4851280126615,0,
2024,British Grand Prix,STR,1,1.0,True,93.46981517836942,336.4913346421299,0,
2024,São Paulo Grand Prix,RUS,2,0.1,True,90.55115151793393,325.9841454645622,0,
2024,São Paulo Grand Prix,RUS,2,0.2,True,92.18098558110573,331.85154809198065,0,
2024,São Paulo Grand Prix,RUS,2,0.30000000000000004,True,94.16158355684841,338.9817008046543,0,
2024,São Paulo Grand Prix,RUS,2,0.4,True,96.76273435878892,348.34584369164014,0,
2024,São Paulo Grand Prix,RUS,2,0.5,True,98.59169394704348,354.9300982093565,0,
2024,São Paulo Grand Prix,RUS,2,0.6,True,98.59169539421953,354.9301034191903,0,
2024,São Paulo Grand Prix,RUS,2,0.7000000000000001,True,98.59167633778418,354.93003481602307,0,
2024,São Paulo Grand Prix,RUS,2,0.8,True,98.59169399511048,354.9300983823977,0,
2024,São Paulo Grand Prix,RUS,2,0.9,True,98.59026855688107,354.9249668047719,0,
2024,São Paulo Grand Prix,RUS,2,1.0,True,98.59167864153824,354.9300431095377,0,
2025,Miami Grand Prix,BOR,15,0.1,True,94.55644231704694,340.403192341369,0,
2025,Miami Grand Prix,BOR,15,0.2,True,95.20511274338696,342.7384058761931,0,
2025,Miami Grand Prix,BOR,15,0.30000000000000004,True,96.07013119575193,345.85247230470696,0,
2025,Miami Grand Prix,BOR,15,0.4,True,97.17231817696978,349.82034543709125,0,
2025,Miami Grand Prix,BOR,15,0.5,True,98.55295057253353,354.7906220611207,0,
2025,Miami Grand Prix,BOR,15,0.6,True,98.99270182495104,356.37372656982376,18,2374.307511085847
2025,Miami Grand Prix,BOR,15,0.7000000000000001,True,98.99213781344157,356.37169612838966,18,2374.548862404391
2025,Miami Grand Prix,BOR,15,0.8,True,98.99203322859046,356.3713196229257,18,2374.7672228102515
2025,Miami Grand Prix,BOR,15,0.9,True,98.99199721237147,356.37118996453734,18,2375.2482948022816
2025,Miami Grand Prix,BOR,15,1.0,True,98.99200297652042,356.3712107154735,18,2375.2614563114776
2025,Italian Grand Prix,STR,9,0.1,True,95.36415541843921,343.31095950638115,0,
2025,Italian Grand Prix,STR,9,0.2,True,96.43164233528958,347.1539124070425,0,
2025,Italian Grand Prix,STR,9,0.30000000000000004,True,97.80049131294204,352.08176872659135,0,
2025,Italian Grand Prix,STR,9,0.4,True,98.93578229843743,356.16881627437476,18,2050.0842289467687
2025,Italian Grand Prix,STR,9,0.5,True,98.93625392475671,356.1705141291242,18,2050.208665604893
2025,Italian Grand Prix,STR,9,0.6,True,98.93587505599838,356.16915020159416,18,2050.414590650237
2025,Italian Grand Prix,STR,9,0.7000000000000001,True,98.93600082608671,356.16960297391216,18,2050.24821353357
2025,Italian Grand Prix,STR,9,0.8,True,98.93576186807022,356.16874272505277,18,2050.075886140662
2025,Italian Grand Prix,STR,9,0.9,True,98.93575884278175,356.1687318340143,18,2050.1057340639236
2025,Italian Grand Prix,STR,9,1.0,True,98.9357524284814,356.168708742533,18,2050.146009805557
2025,Las Vegas Grand Prix,NOR,15,0.1,True,89.00675488383011,320.4243175817884,0,
2025,Las Vegas Grand Prix,NOR,15,0.2,True,90.43607762537765,325.56987945135955,0,
2025,Las Vegas Grand Prix,NOR,15,0.30000000000000004,True,92.30543312272532,332.29955924181115,0,
2025,Las Vegas Grand Prix,NOR,15,0.4,True,94.62415112431812,340.6469440475452,0,
2025,Las Vegas Grand Prix,NOR,15,0.5,True,97.42120211390262,350.71632761004946,0,
2025,Las Vegas Grand Prix,NOR,15,0.6,True,98.54679175087047,354.7684503031337,0,
2025,Las Vegas Grand Prix,NOR,15,0.7000000000000001,True,98.54894041867615,354.7761855072342,0,
2025,Las Vegas Grand Prix,NOR,15,0.8,True,98.54809623884115,354.7731464598282,0,
2025,Las Vegas Grand Prix,NOR,15,0.9,True,98.54843965104257,354.7743827437533,0,
2025,Las Vegas Grand Prix,NOR,15,1.0,True,98.54675013167136,354.7683004740169,0,
2024,Japanese Grand Prix,NOR,14,0.1,True,92.07471897946266,331.4689883260656,0,
2024,Japanese Grand Prix,NOR,14,0.2,True,96.56359542616545,347.6289435341956,0,
2024,Japanese Grand Prix,NOR,14,0.30000000000000004,True,96.70464991982236,348.1367397113605,0,
2024,Japanese Grand Prix,NOR,14,0.4,True,96.70186834222193,348.12672603199894,0,
2024,Japanese Grand Prix,NOR,14,0.5,True,96.70283709488444,348.130213541584,0,
2024,Japanese Grand Prix,NOR,14,0.6,True,96.70302555160154,348.1308919857656,0,
2024,Japanese Grand Prix,NOR,14,0.7000000000000001,True,96.70103217238423,348.12371582058324,0,
2024,Japanese Grand Prix,NOR,14,0.8,True,96.70432900027133,348.13558440097677,0,
2024,Japanese Grand Prix,NOR,14,0.9,True,96.7037161320979,348.13337807555246,0,
2024,Japanese Grand Prix,NOR,14,1.0,True,96.7027717796714,348.12997840681703,0,
2024,British Grand Prix,LEC,7,0.1,True,92.64991657210486,333.5396996595775,0,
2024,British Grand Prix,LEC,7,0.2,True,95.01319001542043,342.04748405551356,0,
2024,British Grand Prix,LEC,7,0.30000000000000004,True,97.95637356895051,352.6429448482219,0,
2024,British Grand Prix,LEC,7,0.4,True,98.55396701089282,354.7942812392142,0,
2024,British Grand Prix,LEC,7,0.5,True,98.55384972742493,354.7938590187298,0,
2024,British Grand Prix,LEC,7,0.6,True,98.5539509177175,354.794223303783,0,
2024,British Grand Prix,LEC,7,0.7000000000000001,True,98.55501842360742,354.79806632498673,0,
2024,British Grand Prix,LEC,7,0.8,True,98.55399802851142,354.7943929026411,0,
2024,British Grand Prix,LEC,7,0.9,True,98.55332500973714,354.7919700350537,0,
2024,British Grand Prix,LEC,7,1.0,True,98.55400011152024,354.79440040147284,0,
2024,Italian Grand Prix,HUL,9,0.1,True,95.05939775470996,342.2138319169559,0,
2024,Italian Grand Prix,HUL,9,0.2,True,96.01318890604308,345.6474800617551,0,
2024,Italian Grand Prix,HUL,9,0.30000000000000004,True,97.2926229298764,350.25344254755504,0,
2024,Italian Grand Prix,HUL,9,0.4,True,98.94158976158948,356.18972314172214,18,2276.8673667568273
2024,Italian Grand Prix,HUL,9,0.5,True,98.94158668021684,356.1897120487806,18,2280.1813040910893
2024,Italian Grand Prix,HUL,9,0.6,True,98.94173269824621,356.1902377136864,18,2280.2881775683986
2024,Italian Grand Prix,HUL,9,0.7000000000000001,True,98.94151431586761,356.1894515371234,18,2280.2948018036614
2024,Italian Grand Prix,HUL,9,0.8,True,98.94159660853146,356.1897477907132,18,2280.304367177587
2024,Italian Grand Prix,HUL,9,0.9,True,98.94159789342442,356.1897524163279,18,2280.318773997407
2024,Italian Grand Prix,HUL,9,1.0,True,98.9416571595699,356.18996577445165,18,2280.3227445477037
2025,Singapore Grand Prix,OCO,4,0.1,True,80.73832031084541,290.6579531190435,0,
2025,Singapore Grand Prix,OCO,4,0.2,True,83.39382990152768,300.21778764549964,0,
2025,Singapore Grand Prix,OCO,4,0.30000000000000004,True,87.18320071120617,313.8595225603422,0,
2025,Singapore Grand Prix,OCO,4,0.4,True,91.87123311740316,330.7364392226514,0,
2025,Singapore Grand Prix,OCO,4,0.5,True,93.01395911860111,334.850252826964,0,
2025,Singapore Grand Prix,OCO,4,0.6,True,92.98455473037389,334.744397029346,0,
2025,Singapore Grand Prix,OCO,4,0.7000000000000001,True,93.01260055604685,334.84536200176865,0,
2025,Singapore Grand Prix,OCO,4,0.8,True,93.01205935424498,334.84341367528197,0,
2025,Singapore Grand Prix,OCO,4,0.9,True,93.01080811452262,334.8389092122814,0,
2025,Singapore Grand Prix,OCO,4,1.0,True,92.98887348170454,334.75994453413637,0,
2025,Singapore Grand Prix,HAD,5,0.1,True,92.26061836717753,332.1382261218391,0,
2025,Singapore Grand Prix,HAD,5,0.2,True,95.98948597262286,345.5621495014423,0,
2025,Singapore Grand Prix,HAD,5,0.30000000000000004,True,97.78433884201841,352.0236198312663,0,
2025,Singapore Grand Prix,HAD,5,0.4,True,97.78405469043484,352.02259688556546,0,
2025,Singapore Grand Prix,HAD,5,0.5,True,97.78406777921538,352.0226440051754,0,
2025,Singapore Grand Prix,HAD,5,0.6,True,97.78333257039708,352.0199972534295,0,
2025,Singapore Grand Prix,HAD,5,0.7000000000000001,True,97.78408143132235,352.02269315276044,0,
2025,Singapore Grand Prix,HAD,5,0.8,True,97.78418524487329,352.02306688154385,0,
2025,Singapore Grand Prix,HAD,5,0.9,True,97.78329203454436,352.0198513243597,0,
2025,Singapore Grand Prix,HAD,5,1.0,True,97.7842263418441,352.0232148306388,0,
2025,Las Vegas Grand Prix,LEC,3,0.1,True,91.64654588694623,329.92756519300644,0,
2025,Las Vegas Grand Prix,LEC,3,0.2,True,93.00379929818668,334.81367747347207,0,
2025,Las Vegas Grand Prix,LEC,3,0.30000000000000004,True,94.89180696280711,341.6105050661056,0,
2025,Las Vegas Grand Prix,LEC,3,0.4,True,97.20560637868275,349.9401829632579,0,
2025,Las Vegas Grand Prix,LEC,3,0.5,True,98.68812779747587,355.27726007091314,6,2492.717724487354
2025,Las Vegas Grand Prix,LEC,3,0.6,True,98.68887679428403,355.2799564594225,6,2486.0484870724913
2025,Las Vegas Grand Prix,LEC,3,0.7000000000000001,True,98.6868191120153,355.27254880325506,5,1839.6071306115132
2025,Las Vegas Grand Prix,LEC,3,0.8,True,98.6892113629955,355.2811609067838,6,2483.00749442656
2025,Las Vegas Grand Prix,LEC,3,0.9,True,98.68925773686784,355.28132785272425,6,2482.5836337321007
2025,Las Vegas Grand Prix,LEC,3,1.0,True,98.68928771416502,355.28143577099405,6,2482.3128732235987
2025,Belgian Grand Prix,TSU,14,0.1,True,93.65116669287985,337.1442000943675,0,
2025,Belgian Grand Prix,TSU,14,0.2,True,95.33069789361049,343.19051241699776,0,
2025,Belgian Grand Prix,TSU,14,0.30000000000000004,True,97.38164793943176,350.57393258195435,0,
2025,Belgian Grand Prix,TSU,14,0.4,True,98.73680986396857,355.4525155102869,10,1888.6918279096467
2025,Belgian Grand Prix,TSU,14,0.5,True,98.73674904654108,355.4522965675479,10,1889.2360506112095
2025,Belgian Grand Prix,TSU,14,0.6,True,98.736714330304,355.4521715890944,10,1889.5129226857516
2025,Belgian Grand Prix,TSU,14,0.7000000000000001,True,98.73649059335847,355.4513661360905,10,1890.5656137759456
2025,Belgian Grand Prix,TSU,14,0.8,True,98.73772651692722,355.455815460938,10,1881.5832998033875
2025,Belgian Grand Prix,TSU,14,0.9,True,98.73667184419426,355.4520186390994,10,1889.7915614872754
2025,Belgian Grand Prix,TSU,14,1.0,True,98.73756730432683,355.4552422955766,10,1881.732965716626
2025,Las Vegas Grand Prix,ALO,3,0.1,True,91.36757203027423,328.92325930898727,0,
2025,Las Vegas Grand Prix,ALO,3,0.2,True,92.65680551420193,333.564499851127,0,
2025,Las Vegas Grand Prix,ALO,3,0.30000000000000004,True,94.39552052406873,339.82387388664745,0,
2025,Las Vegas Grand Prix,ALO,3,0.4,True,96.62913945146326,347.8649020252677,0,
2025,Las Vegas Grand Prix,ALO,3,0.5,True,98.68494866788687,355.26581520439277,5,1978.1335284605293
2025,Las Vegas Grand Prix,ALO,3,0.6,True,98.6831666015594,355.25939976561386,5,2002.129865449605
2025,Las Vegas Grand Prix,ALO,3,0.7000000000000001,True,98.6829537021835,355.2586333278606,5,2005.667804760691
2025,Las Vegas Grand Prix,ALO,3,0.8,True,98.68299576832476,355.25878476596915,5,2005.461035166919
2025,Las Vegas Grand Prix,ALO,3,0.9,True,98.68351671307448,355.2606601670681,5,1999.2491662663901
2025,Las Vegas Grand Prix,ALO,3,1.0,True,98.68296331293863,355.25866792657905,5,2006.2443941664728
2025,Miami Grand Prix,ALO,15,0.1,True,94.50996679710737,340.2358804695865,0,
2025,Miami Grand Prix,ALO,15,0.2,True,95.17597443147882,342.6335079533238,0,
2025,Miami Grand Prix,ALO,15,0.30000000000000004,True,96.0569146798085,345.8048928473106,0,
2025,Miami Grand Prix,ALO,15,0.4,True,97.1752192948515,349.83078946146543,0,
2025,Miami Grand Prix,ALO,15,0.5,True,98.57952099272052,354.88627557379385,0,
2025,Miami Grand Prix,ALO,15,0.6,True,98.98796706535286,356.35668143527033,17,1556.5769568227934
2025,Miami Grand Prix,ALO,15,0.7000000000000001,True,98.98753809137243,356.3551371289407,17,1556.451177462107
2025,Miami Grand Prix,ALO,15,0.8,True,98.98872109847458,356.3593959545085,17,1556.397978805086
2025,Miami Grand Prix,ALO,15,0.9,True,98.98833863806571,356.35801909703656,17,1556.4111654929184
2025,Miami Grand Prix,ALO,15,1.0,True,98.98731258224258,356.3543252960733,17,1556.5618239880177
2024,Las Vegas Grand Prix,COL,3,0.1,True,93.12768657032294,335.25967165316257,0,
2024,Las Vegas Grand Prix,COL,3,0.2,True,94.67549290090493,340.83177444325776,0,
2024,Las Vegas Grand Prix,COL,3,0.30000000000000004,True,96.58462685664746,347.70465668393086,0,
2024,Las Vegas Grand Prix,COL,3,0.4,True,98.73631921792851,355.45074918454264,8,1972.4938648246648
2024,Las Vegas Grand Prix,COL,3,0.5,True,98.73546851675066,355.4476866603024,8,1971.198195665304
2024,Las Vegas Grand Prix,COL,3,0.6,True,98.73562836652202,355.4482621194793,8,1969.19701738786
2024,Las Vegas Grand Prix,COL,3,0.7000000000000001,True,98.73761883105765,355.45542779180755,8,1968.370218166367
2024,Las Vegas Grand Prix,COL,3,0.8,True,98.73508870620532,355.44631934233917,8,1965.875346524193
2024,Las Vegas Grand Prix,COL,3,0.9,True,98.73603951170446,355.4497422421361,8,1969.47464656364
2024,Las Vegas Grand Prix,COL,3,1.0,True,98.73551315586462,355.4478473611127,8,1970.7452797461324
2024,Miami Grand Prix,RUS,15,0.1,True,94.5690401837796,340.4485446616066,0,
2024,Miami Grand Prix,RUS,15,0.2,True,95.22720788313949,342.81794837930215,0,
2024,Miami Grand Prix,RUS,15,0.30000000000000004,True,96.09799594305136,345.9527853949849,0,
2024,Miami Grand Prix,RUS,15,0.4,True,97.20415916800268,349.93497300480965,0,
2024,Miami Grand Prix,RUS,15,0.5,True,98.59252335546164,354.9330840796619,0,
2024,Miami Grand Prix,RUS,15,0.6,True,98.99238697132769,356.37259309677967,18,2386.415553207929
2024,Miami Grand Prix,RUS,15,0.7000000000000001,True,98.99242614455184,356.37273412038667,18,2386.5312267563745
2024,Miami Grand Prix,RUS,15,0.8,True,98.99237822539152,356.3725616114095,18,2386.566829954515
2024,Miami Grand Prix,RUS,15,0.9,True,98.99238563859937,356.37258829895774,18,2386.586771011778
2024,Miami Grand Prix,RUS,15,1.0,True,98.99239155012641,356.3726095804551,18,2386.5993712952
2025,Spanish Grand Prix,ALO,8,0.1,True,91.4070975782395,329.06555128166224,0,
2025,Spanish Grand Prix,ALO,8,0.2,True,94.00825663852088,338.42972389867515,0,
2025,Spanish Grand Prix,ALO,8,0.30000000000000004,True,97.23083554039796,350.0310079454327,0,
2025,Spanish Grand Prix,ALO,8,0.4,True,98.38900651685724,354.20042346068607,0,
2025,Spanish Grand Prix,ALO,8,0.5,True,98.38903642623532,354.20053113444715,0,
2025,Spanish Grand Prix,ALO,8,0.6,True,98.3897684368155,354.2031663725358,0,
2025,Spanish Grand Prix,ALO,8,0.7000000000000001,True,98.3888850636419,354.19998622911083,0,
2025,Spanish Grand Prix,ALO,8,0.8,True,98.38996785266197,354.2038842695831,0,
2025,Spanish Grand Prix,ALO,8,0.9,True,98.3899793705702,354.20392573405275,0,
2025,Spanish Grand Prix,ALO,8,1.0,True,98.38946956638887,354.20209043899996,0,
2024,Saudi Arabian Grand Prix,BOT,25,0.1,True,96.9488252427511,349.015770873904,0,
2024,Saudi Arabian Grand Prix,BOT,25,0.2,True,98.37019570564189,354.13270454031084,0,
2024,Saudi Arabian Grand Prix,BOT,25,0.30000000000000004,True,98.36993268947376,354.13175768210556,0,
2024,Saudi Arabian Grand Prix,BOT,25,0.4,True,98.36950472674401,354.13021701627844,0,
2024,Saudi Arabian Grand Prix,BOT,25,0.5,True,98.37064755390467,354.1343311940568,0,
2024,Saudi Arabian Grand Prix,BOT,25,0.6,True,98.36974241968367,354.13107271086125,0,
2024,Saudi Arabian Grand Prix,BOT,25,0.7000000000000001,True,98.36974238446125,354.1310725840605,0,
2024,Saudi Arabian Grand Prix,BOT,25,0.8,True,98.3697318325275,354.131034597099,0,
2024,Saudi Arabian Grand Prix,BOT,25,0.9,True,98.36969325229397,354.1308957082583,0,
2024,Saudi Arabian Grand Prix,BOT,25,1.0,True,98.36951001687284,354.1302360607422,0,
2025,Bahrain Grand Prix,ANT,12,0.1,True,88.7085493657653,319.3507777167551,0,
2025,Bahrain Grand Prix,ANT,12,0.2,True,90.2675644286544,324.96323194315585,0,
2025,Bahrain Grand Prix,ANT,12,0.30000000000000004,True,92.28126656710846,332.2125596415905,0,
2025,Bahrain Grand Prix,ANT,12,0.4,True,94.71212423346302,340.96364724046686,0,
2025,Bahrain Grand Prix,ANT,12,0.5,True,97.78752379634162,352.03508566682984,0,
2025,Bahrain Grand Prix,ANT,12,0.6,True,98.50380847241296,354.61371050068664,0,
2025,Bahrain Grand Prix,ANT,12,0.7000000000000001,True,98.50377283884715,354.6135822198498,0,
2025,Bahrain Grand Prix,ANT,12,0.8,True,98.5037849645855,354.61362587250784,0,
2025,Bahrain Grand Prix,ANT,12,0.9,True,98.50379103595057,354.61364772942204,0,
2025,Bahrain Grand Prix,ANT,12,1.0,True,98.50379367579654,354.6136572328676,0,
2025,Mexico City Grand Prix,LAW,10,0.1,True,86.8842905166628,312.7834458599861,0,
2025,Mexico City Grand Prix,LAW,10,0.2,True,89.18152768142689,321.0534996531368,0,
2025,Mexico City Grand Prix,LAW,10,0.30000000000000004,True,91.9796005287833,331.12656190361986,0,
2025,Mexico City Grand Prix,LAW,10,0.4,True,95.37991063349223,343.367678280572,0,
2025,Mexico City Grand Prix,LAW,10,0.5,True,98.00807087453407,352.82905514832265,0,
2025,Mexico City Grand Prix,LAW,10,0.6,True,98.00775671609306,352.827924177935,0,
2025,Mexico City Grand Prix,LAW,10,0.7000000000000001,True,98.00678861747335,352.8244390229041,0,
2025,Mexico City Grand Prix,LAW,10,0.8,True,98.00732624607626,352.82637448587457,0,
2025,Mexico City Grand Prix,LAW,10,0.9,True,98.00754459348802,352.8271605365569,0,
2025,Mexico City Grand Prix,LAW,10,1.0,True,98.00680055025263,352.82448198090947,0,
2025,Japanese Grand Prix,ALB,11,0.1,True,91.8300230080286,330.588082828903,0,
2025,Japanese Grand Prix,ALB,11,0.2,True,93.71884678645588,337.3878484312412,0,
2025,Japanese Grand Prix,ALB,11,0.30000000000000004,True,96.17830429453096,346.24189546031147,0,
2025,Japanese Grand Prix,ALB,11,0.4,True,98.59562375937644,354.9442455337552,0,
2025,Japanese Grand Prix,ALB,11,0.5,True,98.59585182885738,354.94506658388656,0,
2025,Japanese Grand Prix,ALB,11,0.6,True,98.59609454096504,354.94594034747416,0,
2025,Japanese Grand Prix,ALB,11,0.7000000000000001,True,98.59527257588071,354.9429812731706,0,
2025,Japanese Grand Prix,ALB,11,0.8,True,98.5958665003806,354.94511940137016,0,
2025,Japanese Grand Prix,ALB,11,0.9,True,98.59682453939716,354.9485683418298,0,
2025,Japanese Grand Prix,ALB,11,1.0,True,98.59595457492925,354.9454364697453,0,
2025,Spanish Grand Prix,GAS,2,0.1,True,90.5482749757186,325.97378991258694,0,
2025,Spanish Grand Prix,GAS,2,0.2,True,93.12478614736949,335.2492301305302,0,
2025,Spanish Grand Prix,GAS,2,0.30000000000000004,True,96.26321282752187,346.54756617907873,0,
2025,Spanish Grand Prix,GAS,2,0.4,True,98.3570520212089,354.08538727635204,0,
2025,Spanish Grand Prix,GAS,2,0.5,True,98.35687236546126,354.08474051566054,0,
2025,Spanish Grand Prix,GAS,2,0.6,True,98.35559879418086,354.0801556590511,0,
2025,Spanish Grand Prix,GAS,2,0.7000000000000001,True,98.35746400560912,354.08687042019284,0,
2025,Spanish Grand Prix,GAS,2,0.8,True,98.35679662875282,354.08446786351016,0,
2025,Spanish Grand Prix,GAS,2,0.9,True,98.35746564498477,354.08687632194517,0,
2025,Spanish Grand Prix,GAS,2,1.0,True,98.3581788760171,354.0894439536616,0,
2025,Australian Grand Prix,ALO,4,0.1,True,88.4183451218475,318.306042438651,0,
2025,Australian Grand Prix,ALO,4,0.2,True,91.33787814181655,328.81636131053955,0,
2025,Australian Grand Prix,ALO,4,0.30000000000000004,True,95.00295942845936,342.0106539424537,0,
2025,Australian Grand Prix,ALO,4,0.4,True,97.67421434313601,351.62717163528964,0,
2025,Australian Grand Prix,ALO,4,0.5,True,97.67576218870506,351.63274387933825,0,
2025,Australian Grand Prix,ALO,4,0.6,True,97.67424170084014,351.6272701230245,0,
2025,Australian Grand Prix,ALO,4,0.7000000000000001,True,97.67580718218609,351.6329058558699,0,
2025,Australian Grand Prix,ALO,4,0.8,True,97.67537552848138,351.63135190253297,0,
2025,Australian Grand Prix,ALO,4,0.9,True,97.6749991377492,351.62999689589714,0,
2025,Australian Grand Prix,ALO,4,1.0,True,97.67447842231759,351.6281223203433,0,
2025,Saudi Arabian Grand Prix,BOR,25,0.1,True,98.28060029541425,353.8101610634913,0,
2025,Saudi Arabian Grand Prix,BOR,25,0.2,True,98.41865770364426,354.30716773311934,0,
2025,Saudi Arabian Grand Prix,BOR,25,0.30000000000000004,True,98.41976421477688,354.3111511731968,0,
2025,Saudi Arabian Grand Prix,BOR,25,0.4,True,98.41939715491198,354.30982975768313,0,
2025,Saudi Arabian Grand Prix,BOR,25,0.5,True,98.41815877313742,354.30537158329474,0,
2025,Saudi Arabian Grand Prix,BOR,25,0.6,True,98.41787868919353,354.3043632810967,0,
2025,Saudi Arabian Grand Prix,BOR,25,0.7000000000000001,True,98.41894942819205,354.30821794149136,0,
2025,Saudi Arabian Grand Prix,BOR,25,0.8,True,98.41845499573573,354.30643798464865,0,
2025,Saudi Arabian Grand Prix,BOR,25,0.9,True,98.41789612874001,354.30442606346406,0,
2025,Saudi Arabian Grand Prix,BOR,25,1.0,True,98.41787050870361,354.304333831333,0,
2025,Japanese Grand Prix,OCO,14,0.1,True,91.6093949754963,329.79382191178667,0,
2025,Japanese Grand Prix,OCO,14,0.2,True,95.81441295172294,344.9318866262026,0,
2025,Japanese Grand Prix,OCO,14,0.30000000000000004,True,95.81568446914457,344.93646408892045,0,
2025,Japanese Grand Prix,OCO,14,0.4,True,95.81621791624164,344.93838449846993,0,
2025,Japanese Grand Prix,OCO,14,0.5,True,95.81390407185899,344.93005465869237,0,
2025,Japanese Grand Prix,OCO,14,0.6,True,95.81645571846656,344.9392405864796,0,
2025,Japanese Grand Prix,OCO,14,0.7000000000000001,True,95.81677745055411,344.9403988219948,0,
2025,Japanese Grand Prix,OCO,14,0.8,True,95.81678920290467,344.9404411304568,0,
2025,Japanese Grand Prix,OCO,14,0.9,True,95.81711046762295,344.94159768344264,0,
2025,Japanese Grand Prix,OCO,14,1.0,True,95.81693466180276,344.94096478248997,0,
2024,Las Vegas Grand Prix,VER,9,0.1,True,91.41729940198498,329.1022778471459,0,
2024,Las Vegas Grand Prix,VER,9,0.2,True,95.48852641209254,343.75869508353315,0,
2024,Las Vegas Grand Prix,VER,9,0.30000000000000004,True,97.17767460172712,349.83962856621764,0,
2024,Las Vegas Grand Prix,VER,9,0.4,True,97.1765538043609,349.8355936956993,0,
2024,Las Vegas Grand Prix,VER,9,0.5,True,97.17683971863889,349.8366229871,0,
2024,Las Vegas Grand Prix,VER,9,0.6,True,97.1767073622861,349.83614650422993,0,
2024,Las Vegas Grand Prix,VER,9,0.7000000000000001,True,97.1769731408607,349.8371033070985,0,
2024,Las Vegas Grand Prix,VER,9,0.8,True,97.17581352470755,349.83292868894716,0,
2024,Las Vegas Grand Prix,VER,9,0.9,True,97.17697010236472,349.837092368513,0,
2024,Las Vegas Grand Prix,VER,9,1.0,True,97.17962018355269,349.8466326607897,0,
2024,Abu Dhabi Grand Prix,TSU,3,0.1,True,91.03772264148812,327.7358015093572,0,
2024,Abu Dhabi Grand Prix,TSU,3,0.2,True,94.58971789624931,340.52298442649754,0,
2024,Abu Dhabi Grand Prix,TSU,3,0.30000000000000004,True,97.6728164880916,351.62213935712975,0,
2024,Abu Dhabi Grand Prix,TSU,3,0.4,True,97.6727048813576,351.62173757288735,0,
2024,Abu Dhabi Grand Prix,TSU,3,0.5,True,97.67250847968258,351.6210305268573,0,
2024,Abu Dhabi Grand Prix,TSU,3,0.6,True,97.67267071978816,351.6216145912374,0,
2024,Abu Dhabi Grand Prix,TSU,3,0.7000000000000001,True,97.67288572343658,351.6223886043717,0,
2024,Abu Dhabi Grand Prix,TSU,3,0.8,True,97.67300052696184,351.62280189706263,0,
2024,Abu Dhabi Grand Prix,TSU,3,0.9,True,97.67051496894354,351.61385388819673,0,
2024,Abu Dhabi Grand Prix,TSU,3,1.0,True,97.67273592199219,351.6218493191719,0,
2024,Emilia Romagna Grand Prix,NOR,14,0.1,True,82.4621629679264,296.86378668453506,0,
2024,Emilia Romagna Grand Prix,NOR,14,0.2,True,84.9480724986507,305.81306099514256,0,
2024,Emilia Romagna Grand Prix,NOR,14,0.30000000000000004,True,87.870222074319,316.3327994675484,0,
2024,Emilia Romagna Grand Prix,NOR,14,0.4,True,91.73043679262497,330.2295724534499,0,
2024,Emilia Romagna Grand Prix,NOR,14,0.5,True,96.19697819507891,346.3091215022841,0,
2024,Emilia Romagna Grand Prix,NOR,14,0.6,True,96.36479515567893,346.9132625604442,0,
2024,Emilia Romagna Grand Prix,NOR,14,0.7000000000000001,True,96.36241614518109,346.9046981226519,0,
2024,Emilia Romagna Grand Prix,NOR,14,0.8,True,96.36253644158093,346.90513118969136,0,
2024,Emilia Romagna Grand Prix,NOR,14,0.9,True,96.36662034653479,346.9198332475252,0,
2024,Emilia Romagna Grand Prix,NOR,14,1.0,True,96.36262434138273,346.9054476289778,0,
2025,Belgian Grand Prix,STR,10,0.1,True,93.37224552643717,336.1400838951738,0,
2025,Belgian Grand Prix,STR,10,0.2,True,96.71445718626654,348.17204587055954,0,
2025,Belgian Grand Prix,STR,10,0.30000000000000004,True,98.24461759608694,353.680623345913,0,
2025,Belgian Grand Prix,STR,10,0.4,True,98.24470892551248,353.68095213184495,0,
2025,Belgian Grand Prix,STR,10,0.5,True,98.24467608008968,353.68083388832287,0,
2025,Belgian Grand Prix,STR,10,0.6,True,98.24445411415562,353.68003481096025,0,
2025,Belgian Grand Prix,STR,10,0.7000000000000001,True,98.24432433324714,353.6795675996897,0,
2025,Belgian Grand Prix,STR,10,0.8,True,98.24531159377133,353.6831217375768,0,
2025,Belgian Grand Prix,STR,10,0.9,True,98.24433856096874,353.6796188194875,0,
2025,Belgian Grand Prix,STR,10,1.0,True,98.24525765874871,353.6829275714954,0,
2024,Abu Dhabi Grand Prix,STR,4,0.1,True,93.52915690151457,336.7049648454525,0,
2024,Abu Dhabi Grand Prix,STR,4,0.2,True,94.29408319431572,339.4586994995366,0,
2024,Abu Dhabi Grand Prix,STR,4,0.30000000000000004,True,95.30024302917283,343.0808749050222,0,
2024,Abu Dhabi Grand Prix,STR,4,0.4,True,96.548193331856,347.5734959946816,0,
2024,Abu Dhabi Grand Prix,STR,4,0.5,True,98.22416067478314,353.6069784292193,0,
2024,Abu Dhabi Grand Prix,STR,4,0.6,True,98.89700135668933,356.0292048840816,14,2190.5056376971693
2024,Abu Dhabi Grand Prix,STR,4,0.7000000000000001,True,98.89779966413337,356.0320787908802,14,2190.2805907890715
2024,Abu Dhabi Grand Prix,STR,4,0.8,True,98.89666680222983,356.0280004880274,14,2190.8869907364146
2024,Abu Dhabi Grand Prix,STR,4,0.9,True,98.89666214872013,356.02798373539247,14,2191.1754811990886
2024,Abu Dhabi Grand Prix,STR,4,1.0,True,98.89698931959269,356.0291615505337,14,2191.0885958127055
2025,Belgian Grand Prix,STR,14,0.1,True,93.25824255313624,335.7296731912905,0,
2025,Belgian Grand Prix,STR,14,0.2,True,95.14345206775026,342.51642744390097,0,
2025,Belgian Grand Prix,STR,14,0.30000000000000004,True,97.5335924786148,351.1209329230133,0,
2025,Belgian Grand Prix,STR,14,0.4,True,98.65605300068069,355.16179080245047,5,2262.902629121951
2025,Belgian Grand Prix,STR,14,0.5,True,98.6488482100206,355.13585355607415,5,2496.1064862822086
2025,Belgian Grand Prix,STR,14,0.6,True,98.65627597284855,355.16259350225477,5,2259.5990486028772
2025,Belgian Grand Prix,STR,14,0.7000000000000001,True,98.65628531251583,355.162627125057,5,2259.3289603068674
2025,Belgian Grand Prix,STR,14,0.8,True,98.65629120122529,355.16264832441107,5,2259.1381724693915
2025,Belgian Grand Prix,STR,14,0.9,True,98.65629601519441,355.1626656546999,5,2258.979897086225
2025,Belgian Grand Prix,STR,14,1.0,True,98.65630198845015,355.16268715842057,5,2258.7734033958986
2024,Miami Grand Prix,TSU,8,0.1,True,91.58489298684287,329.70561475263435,0,
2024,Miami Grand Prix,TSU,8,0.2,True,96.06302889442435,345.82690401992767,0,
2024,Miami Grand Prix,TSU,8,0.30000000000000004,True,96.56349119460546,347.6285683005797,0,
2024,Miami Grand Prix,TSU,8,0.4,True,96.56340752389889,347.62826708603603,0,
2024,Miami Grand Prix,TSU,8,0.5,True,96.56147675167325,347.62131630602374,0,
2024,Miami Grand Prix,TSU,8,0.6,True,96.56216399937765,347.62379039775954,0,
2024,Miami Grand Prix,TSU,8,0.7000000000000001,True,96.56480134668233,347.6332848480564,0,
2024,Miami Grand Prix,TSU,8,0.8,True,96.56351282866513,347.62864618319446,0,
2024,Miami Grand Prix,TSU,8,0.9,True,96.56436059779293,347.6316981520545,0,
2024,Miami Grand Prix,TSU,8,1.0,True,96.56211072250483,347.62359860101736,0,
2024,Emilia Romagna Grand Prix,PIA,15,0.1,True,90.24570648916902,324.88454336100847,0,
2024,Emilia Romagna Grand Prix,PIA,15,0.2,True,93.49421227417149,336.57916418701734,0,
2024,Emilia Romagna Grand Prix,PIA,15,0.30000000000000004,True,93.52231744657476,336.68034280766915,0,
2024,Emilia Romagna Grand Prix,PIA,15,0.4,True,93.53147364503674,336.7133051221323,0,
2024,Emilia Romagna Grand Prix,PIA,15,0.5,True,93.49753041853928,336.5911095067414,0,
2024,Emilia Romagna Grand Prix,PIA,15,0.6,True,93.53380794102775,336.7217085876999,0,
2024,Emilia Romagna Grand Prix,PIA,15,0.7000000000000001,True,93.53322718726064,336.7196178741383,0,
2024,Emilia Romagna Grand Prix,PIA,15,0.8,True,93.49999564704623,336.59998432936646,0,
2024,Emilia Romagna Grand Prix,PIA,15,0.9,True,93.50191757577737,336.60690327279855,0,
2024,Emilia Romagna Grand Prix,PIA,15,1.0,True,93.51880408529735,336.66769470707044,0,
2025,Canadian Grand Prix,GAS,11,0.1,True,95.06243510816667,342.22476638940003,0,
2025,Canadian Grand Prix,GAS,11,0.2,True,97.0772930464347,349.47825496716496,0,
2025,Canadian Grand Prix,GAS,11,0.30000000000000004,True,98.7271064158507,355.4175830970625,9,1978.3225527690247
2025,Canadian Grand Prix,GAS,11,0.4,True,98.7279978072641,355.42079210615077,9,1974.5194798958528
2025,Canadian Grand Prix,GAS,11,0.5,True,98.72753151740439,355.4191134626558,9,1975.9486343947415
2025,Canadian Grand Prix,GAS,11,0.6,True,98.72660083803994,355.4157630169438,9,1977.0619550379834
2025,Canadian Grand Prix,GAS,11,0.7000000000000001,True,98.72704025721626,355.41734492597857,9,1977.4183969399337
2025,Canadian Grand Prix,GAS,11,0.8,True,98.72698191397733,355.4171348903184,9,1979.37696966986
2025,Canadian Grand Prix,GAS,11,0.9,True,98.72666113889507,355.41598010002224,9,1978.1461949651775
2025,Canadian Grand Prix,GAS,11,1.0,True,98.72696340836357,355.41706827010887,9,1977.0866470555916
2024,Miami Grand Prix,ALO,9,0.1,True,96.87610082466637,348.75396296879893,0,
2024,Miami Grand Prix,ALO,9,0.2,True,98.69728448393296,355.3102241421587,9,2254.2162186672126
2024,Miami Grand Prix,ALO,9,0.30000000000000004,True,98.70054221231082,355.32195196431894,9,2238.6450154192567
2024,Miami Grand Prix,ALO,9,0.4,True,98.6976562314133,355.3115624330879,9,2251.973856262846
2024,Miami Grand Prix,ALO,9,0.5,True,98.70108152200548,355.32389347921975,9,2235.5723777850462
2024,Miami Grand Prix,ALO,9,0.6,True,98.69632393180625,355.3067661545025,9,2258.1666917662988
2024,Miami Grand Prix,ALO,9,0.7000000000000001,True,98.69635776916229,355.30688796898426,9,2257.8031088392395
2024,Miami Grand Prix,ALO,9,0.8,True,98.69765484152803,355.3115574295009,9,2251.9992033318363
2024,Miami Grand Prix,ALO,9,0.9,True,98.6977227216285,355.3118017978626,9,2251.758616773785
2024,Miami Grand Prix,ALO,9,1.0,True,98.69645101705775,355.30722366140793,9,2257.57080088098
2024,British Grand Prix,ALB,13,0.1,True,93.83901218467506,337.8204438648302,0,
2024,British Grand Prix,ALB,13,0.2,True,95.13990179201274,342.50364645124586,0,
2024,British Grand Prix,ALB,13,0.30000000000000004,True,96.76334478215941,348.3480412157739,0,
2024,British Grand Prix,ALB,13,0.4,True,98.83411252545403,355.8028050916345,14,2408.8589904624264
2024,British Grand Prix,ALB,13,0.5,True,98.83382264442874,355.80176151994345,14,2416.5472625371654
2024,British Grand Prix,ALB,13,0.6,True,98.83494425544886,355.8057993196159,14,2414.6349701072595
2024,British Grand Prix,ALB,13,0.7000000000000001,True,98.83395305901273,355.8022310124458,14,2416.697442946124
2024,British Grand Prix,ALB,13,0.8,True,98.83387013348057,355.80193248053007,14,2416.664156908771
2024,British Grand Prix,ALB,13,0.9,True,98.8337142599652,355.80137133587476,14,2416.8901554289905
2024,British Grand Prix,ALB,13,1.0,True,98.83682497419439,355.81256990709977,14,2414.6100392029366
2025,Emilia Romagna Grand Prix,ALB,3,0.1,True,88.3645392363516,318.11234125086577,0,
2025,Emilia Romagna Grand Prix,ALB,3,0.2,True,90.97753516567028,327.519126596413,0,
2025,Emilia Romagna Grand Prix,ALB,3,0.30000000000000004,True,94.37758053358213,339.7592899208957,0,
2025,Emilia Romagna Grand Prix,ALB,3,0.4,True,97.87030215929836,352.3330877734741,0,
2025,Emilia Romagna Grand Prix,ALB,3,0.5,True,97.86940106111338,352.3298438200082,0,
2025,Emilia Romagna Grand Prix,ALB,3,0.6,True,97.86960471661752,352.3305769798231,0,
2025,Emilia Romagna Grand Prix,ALB,3,0.7000000000000001,True,97.86958997813383,352.3305239212818,0,
2025,Emilia Romagna Grand Prix,ALB,3,0.8,True,97.86975738971265,352.3311266029655,0,
2025,Emilia Romagna Grand Prix,ALB,3,0.9,True,97.8697570364345,352.33112533116423,0,
2025,Emilia Romagna Grand Prix,ALB,3,1.0,True,97.86941495972984,352.3298938550274,0,
2024,Austrian Grand Prix,PIA,2,0.1,True,88.37716248151932,318.15778493346954,0,
2024,Austrian Grand Prix,PIA,2,0.2,True,89.90975175438139,323.675106315773,0,
2024,Austrian Grand Prix,PIA,2,0.30000000000000004,True,91.82372886833726,330.56542392601415,0,
2024,Austrian Grand Prix,PIA,2,0.4,True,94.43179637960942,339.95446696659394,0,
2024,Austrian Grand Prix,PIA,2,0.5,True,97.611086969594,351.3999130905384,0,
2024,Austrian Grand Prix,PIA,2,0.6,True,98.47543866476386,354.5115791931499,0,
2024,Austrian Grand Prix,PIA,2,0.7000000000000001,True,98.47541242063478,354.51148471428525,0,
2024,Austrian Grand Prix,PIA,2,0.8,True,98.47541554350254,354.5114959566091,0,
2024,Austrian Grand Prix,PIA,2,0.9,True,98.47541727336025,354.5115021840969,0,
2024,Austrian Grand Prix,PIA,2,1.0,True,98.47541919783227,354.51150911219617,0,
2025,Saudi Arabian Grand Prix,LEC,24,0.1,True,93.56824057066032,336.84566605437715,0,
2025,Saudi Arabian Grand Prix,LEC,24,0.2,True,97.18096993159678,349.8514917537484,0,
2025,Saudi Arabian Grand Prix,LEC,24,0.30000000000000004,True,98.07724719524859,353.07808990289493,0,
2025,Saudi Arabian Grand Prix,LEC,24,0.4,True,98.07544385251991,353.0715978690717,0,
2025,Saudi Arabian Grand Prix,LEC,24,0.5,True,98.07554838620776,353.07197419034793,0,
2025,Saudi Arabian Grand Prix,LEC,24,0.6,True,98.0756924058352,353.0724926610067,0,
2025,Saudi Arabian Grand Prix,LEC,24,0.7000000000000001,True,98.07558749100254,353.07211496760914,0,
2025,Saudi Arabian Grand Prix,LEC,24,0.8,True,98.0754539720691,353.07163429944876,0,
2025,Saudi Arabian Grand Prix,LEC,24,0.9,True,98.0754304848872,353.0715497455939,0,
2025,Saudi Arabian Grand Prix,LEC,24,1.0,True,98.07694082763149,353.07698697947336,0,
2025,United States Grand Prix,OCO,9,0.1,True,85.77277931712726,308.7820055416581,0,
2025,United States Grand Prix,OCO,9,0.2,True,89.4127577674974,321.88592796299065,0,
2025,United States Grand Prix,OCO,9,0.30000000000000004,True,93.88781467535067,337.9961328312624,0,
2025,United States Grand Prix,OCO,9,0.4,True,95.34807471483226,343.2530689733962,0,
2025,United States Grand Prix,OCO,9,0.5,True,95.34770586458066,343.2517411124904,0,
2025,United States Grand Prix,OCO,9,0.6,True,95.34798119769282,343.25273231169416,0,
2025,United States Grand Prix,OCO,9,0.7000000000000001,True,95.34736739912499,343.25052263684995,0,
2025,United States Grand Prix,OCO,9,0.8,True,95.34803986495152,343.25294351382547,0,
2025,United States Grand Prix,OCO,9,0.9,True,95.34809824328126,343.25315367581254,0,
2025,United States Grand Prix,OCO,9,1.0,True,95.34788270987578,343.2523777555528,0,
2025,Spanish Grand Prix,NOR,8,0.1,True,91.09688917248084,327.94880102093106,0,
2025,Spanish Grand Prix,NOR,8,0.2,True,94.01493004834242,338.45374817403274,0,
2025,Spanish Grand Prix,NOR,8,0.30000000000000004,True,97.58179284981223,351.294454259324,0,
2025,Spanish Grand Prix,NOR,8,0.4,True,98.23005119577988,353.6281843048076,0,
2025,Spanish Grand Prix,NOR,8,0.5,True,98.22729779070698,353.61827204654514,0,
2025,Spanish Grand Prix,NOR,8,0.6,True,98.22972972367434,353.6270270052276,0,
2025,Spanish Grand Prix,NOR,8,0.7000000000000001,True,98.22984622801442,353.6274464208519,0,
2025,Spanish Grand Prix,NOR,8,0.8,True,98.2296625747855,353.6267852692278,0,
2025,Spanish Grand Prix,NOR,8,0.9,True,98.22981981353108,353.6273513287119,0,
2025,Spanish Grand Prix,NOR,8,1.0,True,98.22979074844814,353.6272466944133,0,
2025,Japanese Grand Prix,LAW,14,0.1,True,92.02977350466276,331.30718461678595,0,
2025,Japanese Grand Prix,LAW,14,0.2,True,96.24825829783558,346.49372987220806,0,
2025,Japanese Grand Prix,LAW,14,0.30000000000000004,True,96.25124862516587,346.50449505059714,0,
2025,Japanese Grand Prix,LAW,14,0.4,True,96.25217858289074,346.50784289840664,0,
2025,Japanese Grand Prix,LAW,14,0.5,True,96.24539943346278,346.483437960466,0,
2025,Japanese Grand Prix,LAW,14,0.6,True,96.25229418589886,346.5082590692359,0,
2025,Japanese Grand Prix,LAW,14,0.7000000000000001,True,96.25301388269793,346.51084997771255,0,
2025,Japanese Grand Prix,LAW,14,0.8,True,96.2527360817767,346.50984989439615,0,
2025,Japanese Grand Prix,LAW,14,0.9,True,96.25307504090449,346.5110701472562,0,
2025,Japanese Grand Prix,LAW,14,1.0,True,96.25057549717556,346.50207178983203,0,
2025,Miami Grand Prix,LEC,15,0.1,True,94.54103143609237,340.34771316993255,0,
2025,Miami Grand Prix,LEC,15,0.2,True,95.19425355829937,342.6993128098777,0,
2025,Miami Grand Prix,LEC,15,0.30000000000000004,True,96.06391720751954,345.8301019470703,0,
2025,Miami Grand Prix,LEC,15,0.4,True,97.17110231313616,349.8159683272902,0,
2025,Miami Grand Prix,LEC,15,0.5,True,98.55884709318404,354.81184953546256,0,
2025,Miami Grand Prix,LEC,15,0.6,True,98.99042213182472,356.365519674569,18,2455.874847972029
2025,Miami Grand Prix,LEC,15,0.7000000000000001,True,98.99060905728761,356.3661926062354,18,2455.9845474935546
2025,Miami Grand Prix,LEC,15,0.8,True,98.99054445712136,356.3659600456369,18,2455.652062862447
2025,Miami Grand Prix,LEC,15,0.9,True,98.99060167183457,356.3661660186045,18,2456.048726988697
2025,Miami Grand Prix,LEC,15,1.0,True,98.99060710371235,356.3661855733645,18,2456.0624667901084
2024,Singapore Grand Prix,RUS,5,0.1,True,92.53791650927319,333.1364994333835,0,
2024,Singapore Grand Prix,RUS,5,0.2,True,96.27062187798316,346.5742387607394,0,
2024,Singapore Grand Prix,RUS,5,0.30000000000000004,True,97.83227395918013,352.1961862530485,0,
2024,Singapore Grand Prix,RUS,5,0.4,True,97.83327700188812,352.19979720679726,0,
2024,Singapore Grand Prix,RUS,5,0.5,True,97.83113317361415,352.19207942501095,0,
2024,Singapore Grand Prix,RUS,5,0.6,True,97.83326851852392,352.1997666666861,0,
2024,Singapore Grand Prix,RUS,5,0.7000000000000001,True,97.83188927530276,352.1948013910899,0,
2024,Singapore Grand Prix,RUS,5,0.8,True,97.83234270793984,352.19643374858344,0,
2024,Singapore Grand Prix,RUS,5,0.9,True,97.8333667163365,352.2001201788114,0,
2024,Singapore Grand Prix,RUS,5,1.0,True,97.83216241051372,352.1957846778494,0,
2024,Australian Grand Prix,STR,7,0.1,True,96.98159041052403,349.1337254778865,0,
2024,Australian Grand Prix,STR,7,0.2,True,97.94844137698132,352.61438895713275,0,
2024,Australian Grand Prix,STR,7,0.30000000000000004,True,99.05553566741334,356.599928402688,25,1960.3586968732488
2024,Australian Grand Prix,STR,7,0.4,True,99.05562640959877,356.6002550745556,25,1961.0813323422067
2024,Australian Grand Prix,STR,7,0.5,True,99.05571458304883,356.6005724989758,25,1961.0903048248779
2024,Australian Grand Prix,STR,7,0.6,True,99.05564269183537,356.6003136906074,25,1961.1555019526
2024,Australian Grand Prix,STR,7,0.7000000000000001,True,99.05559718541883,356.6001498675078,25,1961.1828843633352
2024,Australian Grand Prix,STR,7,0.8,True,99.05594950012203,356.6014182004393,25,1961.2101656236891
2024,Australian Grand Prix,STR,7,0.9,True,99.05552256740103,356.59988124264373,25,1961.2428207907528
2024,Australian Grand Prix,STR,7,1.0,True,99.05564712204526,356.60032963936294,25,1961.1998747179928
2025,Saudi Arabian Grand Prix,OCO,24,0.1,True,93.39471767841577,336.2209836422968,0,
2025,Saudi Arabian Grand Prix,OCO,24,0.2,True,96.92144153944754,348.91718954201116,0,
2025,Saudi Arabian Grand Prix,OCO,24,0.30000000000000004,True,98.09723292906119,353.1500385446203,0,
2025,Saudi Arabian Grand Prix,OCO,24,0.4,True,98.0968384963397,353.1486185868229,0,
2025,Saudi Arabian Grand Prix,OCO,24,0.5,True,98.09685257557304,353.14866927206293,0,
2025,Saudi Arabian Grand Prix,OCO,24,0.6,True,98.09727163280397,353.15017787809427,0,
2025,Saudi Arabian Grand Prix,OCO,24,0.7000000000000001,True,98.09713297928633,353.1496787254308,0,
2025,Saudi Arabian Grand Prix,OCO,24,0.8,True,98.0972505129577,353.1501018466477,0,
2025,Saudi Arabian Grand Prix,OCO,24,0.9,True,98.09818952137859,353.1534822769629,0,
2025,Saudi Arabian Grand Prix,OCO,24,1.0,True,98.09812540339769,353.1532514522317,0,
2024,Canadian Grand Prix,SAR,8,0.1,True,85.2425642791342,306.87323140488314,0,
2024,Canadian Grand Prix,SAR,8,0.2,True,87.44219583997831,314.7919050239219,0,
2024,Canadian Grand Prix,SAR,8,0.30000000000000004,True,90.2337100858865,324.8413563091914,0,
2024,Canadian Grand Prix,SAR,8,0.4,True,93.47963111843045,336.5266720263496,0,
2024,Canadian Grand Prix,SAR,8,0.5,True,97.67963164921449,351.6466739371722,0,
2024,Canadian Grand Prix,SAR,8,0.6,True,97.76155246574366,351.9415888766772,0,
2024,Canadian Grand Prix,SAR,8,0.7000000000000001,True,97.76147183405641,351.94129860260307,0,
2024,Canadian Grand Prix,SAR,8,0.8,True,97.76061846477282,351.93822647318217,0,
2024,Canadian Grand Prix,SAR,8,0.9,True,97.7608464605948,351.93904725814133,0,
2024,Canadian Grand Prix,SAR,8,1.0,True,97.76052935674085,351.93790568426704,0,
2024,British Grand Prix,LEC,13,0.1,True,93.33046425059113,335.9896713021281,0,
2024,British Grand Prix,LEC,13,0.2,True,94.63659274699579,340.69173388918483,0,
2024,British Grand Prix,LEC,13,0.30000000000000004,True,96.27500428410215,346.59001542276775,0,
2024,British Grand Prix,LEC,13,0.4,True,98.34265707413493,354.03356546688576,0,
2024,British Grand Prix,LEC,13,0.5,True,98.7969727836123,355.6691020210043,12,1946.6857116310775
2024,British Grand Prix,LEC,13,0.6,True,98.79662019930464,355.6678327174967,12,1946.8199544015579
2024,British Grand Prix,LEC,13,0.7000000000000001,True,98.79666229790723,355.6679842724661,12,1946.7652322922477
2024,British Grand Prix,LEC,13,0.8,True,98.79659222542237,355.66773201152057,12,1946.9127049578838
2024,British Grand Prix,LEC,13,0.9,True,98.7966652614572,355.667994941246,12,1946.7937810254475
2024,British Grand Prix,LEC,13,1.0,True,98.79706185812775,355.6694226892599,12,1946.7896133004929
2025,British Grand Prix,ALO,0,0.1,True,89.52175555205865,322.2783199874111,0,
2025,British Grand Prix,ALO,0,0.2,True,91.3809968102732,328.97158851698356,0,
2025,British Grand Prix,ALO,0,0.30000000000000004,True,91.38565631012875,328.98836271646354,0,
2025,British Grand Prix,ALO,0,0.4,True,91.36104937112505,328.89977773605017,0,
2025,British Grand Prix,ALO,0,0.5,True,91.37758066189235,328.95929038281247,0,
2025,British Grand Prix,ALO,0,0.6,True,91.37606187909614,328.9538227647461,0,
2025,British Grand Prix,ALO,0,0.7000000000000001,True,84.46751198104917,304.083043131777,0,
2025,British Grand Prix,ALO,0,0.8,True,91.3853161172661,328.987138022158,0,
2025,British Grand Prix,ALO,0,0.9,True,91.38119741590914,328.9723106972729,0,
2025,British Grand Prix,ALO,0,1.0,True,91.37792323494011,328.9605236457844,0,
2025,Azerbaijan Grand Prix,PIA,18,0.1,True,84.60129468297735,304.56466085871847,0,
2025,Azerbaijan Grand Prix,PIA,18,0.2,True,87.13508779819705,313.6863160735094,0,
2025,Azerbaijan Grand Prix,PIA,18,0.30000000000000004,True,87.07080687407122,313.45490474665644,0,
2025,Azerbaijan Grand Prix,PIA,18,0.4,True,87.12815492888227,313.66135774397617,0,
2025,Azerbaijan Grand Prix,PIA,18,0.5,True,87.12274985876182,313.6418994915426,0,
2025,Azerbaijan Grand Prix,PIA,18,0.6,True,87.1258706239009,313.65313424604324,0,
2025,Azerbaijan Grand Prix,PIA,18,0.7000000000000001,True,87.12126512945771,313.63655446604776,0,
2025,Azerbaijan Grand Prix,PIA,18,0.8,True,87.12588545788137,313.6531876483729,0,
2025,Azerbaijan Grand Prix,PIA,18,0.9,True,87.07631424446272,313.4747312800658,0,
2025,Azerbaijan Grand Prix,PIA,18,1.0,True,87.1319079845136,313.67486874424895,0,
2025,Miami Grand Prix,LAW,8,0.1,True,87.83368611591439,316.2012700172918,0,
2025,Miami Grand Prix,LAW,8,0.2,True,92.50604934983355,333.02177765940075,0,
2025,Miami Grand Prix,LAW,8,0.30000000000000004,True,93.64297998032882,337.11472792918374,0,
2025,Miami Grand Prix,LAW,8,0.4,True,87.83368611591311,316.2012700172872,0,
2025,Miami Grand Prix,LAW,8,0.5,True,93.64222503626084,337.11201013053903,0,
2025,Miami Grand Prix,LAW,8,0.6,True,93.639037144783,337.1005337212188,0,
2025,Miami Grand Prix,LAW,8,0.7000000000000001,True,93.6385750963087,337.09887034671135,0,
2025,Miami Grand Prix,LAW,8,0.8,True,93.63948894224315,337.10216019207536,0,
2025,Miami Grand Prix,LAW,8,0.9,True,93.6408784437738,337.1071623975857,0,
2025,Miami Grand Prix,LAW,8,1.0,True,93.63972444001504,337.10300798405416,0,
2024,Saudi Arabian Grand Prix,RIC,19,0.1,True,91.56736423349112,329.642511240568,0,
2024,Saudi Arabian Grand Prix,RIC,19,0.2,True,94.38100551119796,339.77161984031267,0,
2024,Saudi Arabian Grand Prix,RIC,19,0.30000000000000004,True,94.37834124430626,339.76202847950253,0,
2024,Saudi Arabian Grand Prix,RIC,19,0.4,True,94.38938401429543,339.80178245146357,0,
2024,Saudi Arabian Grand Prix,RIC,19,0.5,True,94.379300733746,339.7654826414856,0,
2024,Saudi Arabian Grand Prix,RIC,19,0.6,True,94.37982207376825,339.76735946556573,0,
2024,Saudi Arabian Grand Prix,RIC,19,0.7000000000000001,True,94.38943181578747,339.8019545368349,0,
2024,Saudi Arabian Grand Prix,RIC,19,0.8,True,94.40411485340343,339.8548134722524,0,
2024,Saudi Arabian Grand Prix,RIC,19,0.9,True,94.32762012900918,339.57943246443307,0,
2024,Saudi Arabian Grand Prix,RIC,19,1.0,True,94.38247921513336,339.7769251744801,0,
2025,Saudi Arabian Grand Prix,TSU,17,0.1,True,83.85567136933409,301.88041692960275,0,
2025,Saudi Arabian Grand Prix,TSU,17,0.2,True,88.45158926635483,318.4257213588774,0,
2025,Saudi Arabian Grand Prix,TSU,17,0.30000000000000004,True,88.44956595157561,318.4184374256722,0,
2025,Saudi Arabian Grand Prix,TSU,17,0.4,True,88.44422947518322,318.3992261106596,0,
2025,Saudi Arabian Grand Prix,TSU,17,0.5,True,88.44966124473417,318.41878048104303,0,
2025,Saudi Arabian Grand Prix,TSU,17,0.6,True,88.45075744643414,318.4227268071629,0,
2025,Saudi Arabian Grand Prix,TSU,17,0.7000000000000001,True,88.4564387111782,318.4431793602415,0,
2025,Saudi Arabian Grand Prix,TSU,17,0.8,True,88.45177204209256,318.4263793515332,0,
2025,Saudi Arabian Grand Prix,TSU,17,0.9,True,88.45077799448055,318.42280078013,0,
2025,Saudi Arabian Grand Prix,TSU,17,1.0,True,88.44579501632664,318.4048620587759,0,
2024,Azerbaijan Grand Prix,GAS,12,0.1,True,83.7686991188019,301.56731682768685,0,
2024,Azerbaijan Grand Prix,GAS,12,0.2,True,83.11058091879097,299.19809130764753,0,
2024,Azerbaijan Grand Prix,GAS,12,0.30000000000000004,True,90.2551609894603,324.91857956205706,0,
2024,Azerbaijan Grand Prix,GAS,12,0.4,True,90.27706072013723,324.99741859249406,0,
2024,Azerbaijan Grand Prix,GAS,12,0.5,True,90.27659546114653,324.9957436601275,0,
2024,Azerbaijan Grand Prix,GAS,12,0.6,True,90.27684707830134,324.99664948188484,0,
2024,Azerbaijan Grand Prix,GAS,12,0.7000000000000001,True,90.29560997600908,325.06419591363266,0,
2024,Azerbaijan Grand Prix,GAS,12,0.8,True,90.27782122439093,325.00015640780737,0,
2024,Azerbaijan Grand Prix,GAS,12,0.9,True,82.601726659172,297.3662159730192,0,
2024,Azerbaijan Grand Prix,GAS,12,1.0,True,90.2884295096493,325.0383462347375,0,
2025,Belgian Grand Prix,LEC,9,0.1,True,86.88552948986903,312.78790616352853,0,
2025,Belgian Grand Prix,LEC,9,0.2,True,89.15204940434003,320.94737785562415,0,
2025,Belgian Grand Prix,LEC,9,0.30000000000000004,True,89.133061906769,320.87902286436844,0,
2025,Belgian Grand Prix,LEC,9,0.4,True,89.1471047745774,320.9295771884787,0,
2025,Belgian Grand Prix,LEC,9,0.5,True,89.15423122056322,320.9552323940276,0,
2025,Belgian Grand Prix,LEC,9,0.6,True,89.14302357245374,320.91488486083347,0,
2025,Belgian Grand Prix,LEC,9,0.7000000000000001,True,89.13312774866446,320.8792598951921,0,
2025,Belgian Grand Prix,LEC,9,0.8,True,89.14765513328467,320.93155847982484,0,
2025,Belgian Grand Prix,LEC,9,0.9,True,89.14847719990644,320.93451791966316,0,
2025,Belgian Grand Prix,LEC,9,1.0,True,89.14784257858084,320.932233282891,0,
2024,Belgian Grand Prix,RUS,15,0.1,True,91.60284284251078,329.7702342330388,0,
2024,Belgian Grand Prix,RUS,15,0.2,True,94.90993771479165,341.67577577324994,0,
2024,Belgian Grand Prix,RUS,15,0.30000000000000004,True,95.0802724064311,342.288980663152,0,
2024,Belgian Grand Prix,RUS,15,0.4,True,95.08135909751452,342.2928927510523,0,
2024,Belgian Grand Prix,RUS,15,0.5,True,95.0784402370343,342.2823848533235,0,
2024,Belgian Grand Prix,RUS,15,0.6,True,95.07853533160136,342.2827271937649,0,
2024,Belgian Grand Prix,RUS,15,0.7000000000000001,True,95.07854391716685,342.2827581018007,0,
2024,Belgian Grand Prix,RUS,15,0.8,True,95.07844292342743,342.28239452433877,0,
2024,Belgian Grand Prix,RUS,15,0.9,True,95.07833089702288,342.28199122928237,0,
2024,Belgian Grand Prix,RUS,15,1.0,True,95.07853800210647,342.2827368075833,0,
2024,British Grand Prix,RUS,10,0.1,True,87.78002510422536,316.0080903752113,0,
2024,British Grand Prix,RUS,10,0.2,True,88.4928913471025,318.574408849569,0,
2024,British Grand Prix,RUS,10,0.30000000000000004,True,88.52427364454536,318.68738512036333,0,
2024,British Grand Prix,RUS,10,0.4,True,88.52488953305236,318.6896023189885,0,
2024,British Grand Prix,RUS,10,0.5,True,87.80811182416153,316.10920256698154,0,
2024,British Grand Prix,RUS,10,0.6,True,88.54044975654624,318.7456191235665,0,
2024,British Grand Prix,RUS,10,0.7000000000000001,True,88.54044146348491,318.7455892685457,0,
2024,British Grand Prix,RUS,10,0.8,True,88.53674562636006,318.73228425489623,0,
2024,British Grand Prix,RUS,10,0.9,True,88.53892214997829,318.74011973992185,0,
2024,British Grand Prix,RUS,10,1.0,True,88.49486510619946,318.58151438231806,0,
2025,British Grand Prix,PIA,0,0.1,True,89.56749282023566,322.44297415284836,0,
2025,British Grand Prix,PIA,0,0.2,True,92.02484399897845,331.28943839632245,0,
2025,British Grand Prix,PIA,0,0.30000000000000004,True,92.01279905926388,331.24607661335,0,
2025,British Grand Prix,PIA,0,0.4,True,92.02779976268354,331.3000791456608,0,
2025,British Grand Prix,PIA,0,0.5,True,92.0205811288643,331.27409206391144,0,
2025,British Grand Prix,PIA,0,0.6,True,91.98457299616092,331.1444627861793,0,
2025,British Grand Prix,PIA,0,0.7000000000000001,True,92.02937308278,331.305743098008,0,
2025,British Grand Prix,PIA,0,0.8,True,92.01771032739155,331.2637571786096,0,
2025,British Grand Prix,PIA,0,0.9,True,92.02173456072202,331.2782444185993,0,
2025,British Grand Prix,PIA,0,1.0,True,92.00327913008854,331.2118048683188,0,
2025,Azerbaijan Grand Prix,SAI,13,0.1,True,84.2050724110759,303.13826067987327,0,
2025,Azerbaijan Grand Prix,SAI,13,0.2,True,89.056354243946,320.6028752782056,0,
2025,Azerbaijan Grand Prix,SAI,13,0.30000000000000004,True,89.06725319375987,320.64211149753555,0,
2025,Azerbaijan Grand Prix,SAI,13,0.4,True,89.066923188726,320.6409234794136,0,
2025,Azerbaijan Grand Prix,SAI,13,0.5,True,89.07096662377606,320.65547984559385,0,
2025,Azerbaijan Grand Prix,SAI,13,0.6,True,89.05589922350791,320.6012372046285,0,
2025,Azerbaijan Grand Prix,SAI,13,0.7000000000000001,True,89.0680988367725,320.645155812381,0,
2025,Azerbaijan Grand Prix,SAI,13,0.8,True,89.06790189243424,320.64444681276325,0,
2025,Azerbaijan Grand Prix,SAI,13,0.9,True,89.06762462384268,320.64344864583364,0,
2025,Azerbaijan Grand Prix,SAI,13,1.0,True,89.0683616238222,320.6461018457599,0,
2025,Saudi Arabian Grand Prix,RUS,18,0.1,True,88.3015498219757,317.8855793591125,0,
2025,Saudi Arabian Grand Prix,RUS,18,0.2,True,92.4627420504959,332.86587138178527,0,
2025,Saudi Arabian Grand Prix,RUS,18,0.30000000000000004,True,92.49261234325105,332.9734044357038,0,
2025,Saudi Arabian Grand Prix,RUS,18,0.4,True,92.49227886620503,332.9722039183381,0,
2025,Saudi Arabian Grand Prix,RUS,18,0.5,True,92.49153784847309,332.9695362545031,0,
2025,Saudi Arabian Grand Prix,RUS,18,0.6,True,92.49275502043764,332.97391807357553,0,
2025,Saudi Arabian Grand Prix,RUS,18,0.7000000000000001,True,92.49305180599738,332.9749865015906,0,
2025,Saudi Arabian Grand Prix,RUS,18,0.8,True,92.49284489042458,332.9742416055285,0,
2025,Saudi Arabian Grand Prix,RUS,18,0.9,True,92.50035356968853,333.0012728508787,0,
2025,Saudi Arabian Grand Prix,RUS,18,1.0,True,92.49599665027097,332.9855879409755,0,
