rmse,mae,r2,n,nrmse,circuit,target,model,pooled_r2
14375.224387091663,8722.6621731297,0.9421617205594978,5250,0.04107206967740475,Abu Dhabi Grand Prix,P_deploy_mean_optimal,xgb,0.9749725732486993
13900.22454994682,8156.357739052744,0.9706684218278931,3718,0.03971492728556235,Australian Grand Prix,P_deploy_mean_optimal,xgb,0.9749725732486993
11058.99862376943,7478.2921778645305,0.9760451370191418,3599,0.031597138925055515,Austrian Grand Prix,P_deploy_mean_optimal,xgb,0.9749725732486993
10639.081753060756,7507.457148376915,0.9411678435841714,5633,0.030397376437316447,Azerbaijan Grand Prix,P_deploy_mean_optimal,xgb,0.9749725732486993
8140.9706757877175,5240.710165833594,0.9635450925171091,3827,0.023259916216536336,Bahrain Grand Prix,P_deploy_mean_optimal,xgb,0.9749725732486993
13571.485605401382,8643.673791823076,0.9798440662255813,5858,0.03877567315828966,Belgian Grand Prix,P_deploy_mean_optimal,xgb,0.9749725732486993
11656.831916579924,6056.325578243264,0.9764791752928592,5075,0.033305234047371214,British Grand Prix,P_deploy_mean_optimal,xgb,0.9749725732486993
9591.523478964733,6711.940683780765,0.9824534123580889,2797,0.027404352797042095,Canadian Grand Prix,P_deploy_mean_optimal,xgb,0.9749725732486993
15638.775204331656,8630.384677865792,0.9209613263257245,4525,0.04468221486951902,Chinese Grand Prix,P_deploy_mean_optimal,xgb,0.9749725732486993
8976.502378378176,6286.879820550216,0.9661625801420048,4559,0.025647149652509076,Dutch Grand Prix,P_deploy_mean_optimal,xgb,0.9749725732486993
10046.199646761825,6149.813475046126,0.9803142817330845,5098,0.028703427562176642,Emilia Romagna Grand Prix,P_deploy_mean_optimal,xgb,0.9749725732486993
6288.933863847004,4351.049973692687,0.9635890974896434,5240,0.017968382468134297,Hungarian Grand Prix,P_deploy_mean_optimal,xgb,0.9749725732486993
11527.920968924202,8169.379849910307,0.9837036207448099,2795,0.03293691705406915,Italian Grand Prix,P_deploy_mean_optimal,xgb,0.9749725732486993
8785.579992031033,5651.241874480087,0.9813845334540306,6215,0.025101657120088664,Japanese Grand Prix,P_deploy_mean_optimal,xgb,0.9749725732486993
11139.478431956271,7560.131594763268,0.9820657611723721,4099,0.031827081234160774,Las Vegas Grand Prix,P_deploy_mean_optimal,xgb,0.9749725732486993
7136.941550213742,5523.70331029239,0.9713413615531544,3007,0.02039126157203926,Mexico City Grand Prix,P_deploy_mean_optimal,xgb,0.9749725732486993
11260.012684554791,6228.11222856204,0.9796530032294025,5059,0.03217146481301369,Miami Grand Prix,P_deploy_mean_optimal,xgb,0.9749725732486993
7997.1952972139525,5333.082673468021,0.9692022856727189,4755,0.02284912942061129,Monaco Grand Prix,P_deploy_mean_optimal,xgb,0.9749725732486993
9011.664787602731,6267.276619805524,0.9676801433128507,5999,0.025747613678864946,Qatar Grand Prix,P_deploy_mean_optimal,xgb,0.9749725732486993
12165.909927369214,7921.56295866849,0.9799724870296366,7520,0.03475974264962632,Saudi Arabian Grand Prix,P_deploy_mean_optimal,xgb,0.9749725732486993
10539.97678683206,6668.311214289881,0.9553152312993185,5328,0.030114219390948743,Singapore Grand Prix,P_deploy_mean_optimal,xgb,0.9749725732486993
10138.951708557393,6151.174234577285,0.9676589466527585,4120,0.028968433453021122,Spanish Grand Prix,P_deploy_mean_optimal,xgb,0.9749725732486993
9465.502490043054,5488.973119833384,0.9697687704441319,3568,0.02704429282869444,São Paulo Grand Prix,P_deploy_mean_optimal,xgb,0.9749725732486993
8532.96957249525,5032.691678920506,0.965779210640547,6575,0.024379913064272146,United States Grand Prix,P_deploy_mean_optimal,xgb,0.9749725732486993
10374.682859483264,4716.707637642604,0.9698743962196926,5250,0.02964195102709504,Abu Dhabi Grand Prix,P_deploy_mean_optimal,mlp,0.9875372613751717
10896.705155259478,4085.003855322985,0.9819747125915911,3718,0.031133443300741366,Australian Grand Prix,P_deploy_mean_optimal,mlp,0.9875372613751717
7060.182875745934,3787.42428749175,0.9902367595790489,3599,0.02017195107355981,Austrian Grand Prix,P_deploy_mean_optimal,mlp,0.9875372613751717
7633.629554322119,4636.138005664793,0.9697121367206754,5633,0.021810370155206052,Azerbaijan Grand Prix,P_deploy_mean_optimal,mlp,0.9875372613751717
6072.058848775209,3383.1887239049443,0.9797196445017526,3827,0.01734873956792917,Bahrain Grand Prix,P_deploy_mean_optimal,mlp,0.9875372613751717
9542.485340784538,4242.495947690442,0.9900351412998644,5858,0.027264243830812968,Belgian Grand Prix,P_deploy_mean_optimal,mlp,0.9875372613751717
9125.563133779873,3174.667437802956,0.9855851268565925,5075,0.02607303752508535,British Grand Prix,P_deploy_mean_optimal,mlp,0.9875372613751717
5844.461194272521,3629.4667091892716,0.993485119706877,2797,0.016698460555064347,Canadian Grand Prix,P_deploy_mean_optimal,mlp,0.9875372613751717
8080.6394349168395,4857.064859032357,0.9788979024177773,4525,0.023087541242619542,Chinese Grand Prix,P_deploy_mean_optimal,mlp,0.9875372613751717
5096.141066434596,2936.0620697991553,0.9890939917464128,4559,0.014560403046955987,Dutch Grand Prix,P_deploy_mean_optimal,mlp,0.9875372613751717
7649.93960359665,3500.7272248673357,0.9885853218903957,5098,0.02185697029599043,Emilia Romagna Grand Prix,P_deploy_mean_optimal,mlp,0.9875372613751717
4257.408080774298,2557.2343978252993,0.9833133964083561,5240,0.012164023087926565,Hungarian Grand Prix,P_deploy_mean_optimal,mlp,0.9875372613751717
7589.403333624232,3716.5383872164475,0.9929367527396428,2795,0.02168400952464066,Italian Grand Prix,P_deploy_mean_optimal,mlp,0.9875372613751717
6126.031973949334,3515.6116012335915,0.9909491041196417,6215,0.0175029484969981,Japanese Grand Prix,P_deploy_mean_optimal,mlp,0.9875372613751717
8732.156093422405,5131.615411323955,0.9889796289853166,4099,0.024949017409778302,Las Vegas Grand Prix,P_deploy_mean_optimal,mlp,0.9875372613751717
8703.949720536535,5369.3212134496025,0.9573750364423079,3007,0.02486842777296153,Mexico City Grand Prix,P_deploy_mean_optimal,mlp,0.9875372613751717
9878.648158653083,5412.534153150874,0.9843390684239508,5059,0.028224709024723092,Miami Grand Prix,P_deploy_mean_optimal,mlp,0.9875372613751717
9027.78035799892,5464.646250981984,0.9607531278065022,4755,0.0257936581657112,Monaco Grand Prix,P_deploy_mean_optimal,mlp,0.9875372613751717
4713.98108779742,2813.8123596078067,0.9911562788440281,5999,0.013468517393706914,Qatar Grand Prix,P_deploy_mean_optimal,mlp,0.9875372613751717
7336.512001109166,4350.757227904586,0.9927168862534147,7520,0.0209614628603119,Saudi Arabian Grand Prix,P_deploy_mean_optimal,mlp,0.9875372613751717
7126.24775404484,3796.162161162236,0.9795731198983555,5328,0.02036070786869954,Singapore Grand Prix,P_deploy_mean_optimal,mlp,0.9875372613751717
4245.367247535313,2626.2952380303445,0.9943297973344437,4120,0.012129620707243752,Spanish Grand Prix,P_deploy_mean_optimal,mlp,0.9875372613751717
6550.5782085113115,3543.8094900608703,0.9855213611569953,3568,0.018715937738603746,São Paulo Grand Prix,P_deploy_mean_optimal,mlp,0.9875372613751717
5805.558126968036,3444.788903364793,0.9841591827220465,6575,0.016587308934194387,United States Grand Prix,P_deploy_mean_optimal,mlp,0.9875372613751717
13.529785015093367,7.391580592537038,0.8501305260295221,5250,,Abu Dhabi Grand Prix,d_coast_optimal,xgb,0.6970557036662698
33.970510548948276,14.743382105527228,0.6898357464933849,3719,,Australian Grand Prix,d_coast_optimal,xgb,0.6970557036662698
13.475200674333548,6.213734750588166,0.7918762773645004,3599,,Austrian Grand Prix,d_coast_optimal,xgb,0.6970557036662698
24.224383891556318,11.41730710602531,0.6671541018352349,5633,,Azerbaijan Grand Prix,d_coast_optimal,xgb,0.6970557036662698
19.48279303680662,12.387118817176727,0.7529094361615107,3828,,Bahrain Grand Prix,d_coast_optimal,xgb,0.6970557036662698
38.42997937705802,15.970772520211884,0.6368495952567236,5858,,Belgian Grand Prix,d_coast_optimal,xgb,0.6970557036662698
10.101193061955533,6.111072167512174,0.8484203683929312,5075,,British Grand Prix,d_coast_optimal,xgb,0.6970557036662698
25.658815252780308,17.008920988463007,0.6880214811062588,2797,,Canadian Grand Prix,d_coast_optimal,xgb,0.6970557036662698
32.58030851486006,11.709993905964552,0.6465431244458546,4527,,Chinese Grand Prix,d_coast_optimal,xgb,0.6970557036662698
15.447111596593952,8.11707940522245,0.7538033903981851,4560,,Dutch Grand Prix,d_coast_optimal,xgb,0.6970557036662698
12.168195540845737,6.342718080885999,0.8200768958780517,5098,,Emilia Romagna Grand Prix,d_coast_optimal,xgb,0.6970557036662698
14.877841000961944,8.77990462469889,0.8065476411074574,5240,,Hungarian Grand Prix,d_coast_optimal,xgb,0.6970557036662698
30.63067951587298,17.87916996759986,0.13219006855692605,2795,,Italian Grand Prix,d_coast_optimal,xgb,0.6970557036662698
11.942342793204324,6.872474773228409,0.6575708182614932,6217,,Japanese Grand Prix,d_coast_optimal,xgb,0.6970557036662698
50.83958513494369,19.46667401027332,0.3336027803591777,4100,,Las Vegas Grand Prix,d_coast_optimal,xgb,0.6970557036662698
16.012929405625496,9.421081965451009,0.8466386989223862,3007,,Mexico City Grand Prix,d_coast_optimal,xgb,0.6970557036662698
20.12966164581574,8.967249749901516,0.6677283363188837,5060,,Miami Grand Prix,d_coast_optimal,xgb,0.6970557036662698
13.452053466425365,7.170619696299456,0.8049966514340254,4755,,Monaco Grand Prix,d_coast_optimal,xgb,0.6970557036662698
9.236403902110895,5.042740015436121,0.8827168492977777,5999,,Qatar Grand Prix,d_coast_optimal,xgb,0.6970557036662698
9.75662917096805,5.3450345953869185,0.8434625662454308,7520,,Saudi Arabian Grand Prix,d_coast_optimal,xgb,0.6970557036662698
16.073117814693276,10.072234474640718,0.8106916192209411,5330,,Singapore Grand Prix,d_coast_optimal,xgb,0.6970557036662698
14.26807693238889,7.823091843157537,0.8271142439391876,4120,,Spanish Grand Prix,d_coast_optimal,xgb,0.6970557036662698
14.791464907444642,7.12798944681271,0.8146132674648565,3568,,São Paulo Grand Prix,d_coast_optimal,xgb,0.6970557036662698
17.416703633628966,8.09747371243271,0.7356797761968975,6576,,United States Grand Prix,d_coast_optimal,xgb,0.6970557036662698
8.752151450295631,3.4792325533618604,0.9372864999046627,5250,,Abu Dhabi Grand Prix,d_coast_optimal,mlp,0.8818417627750866
18.697875256895657,6.810927800199584,0.9060337031522209,3719,,Australian Grand Prix,d_coast_optimal,mlp,0.8818417627750866
7.690281215473769,3.572586304542177,0.9322146965052838,3599,,Austrian Grand Prix,d_coast_optimal,mlp,0.8818417627750866
19.417947631960587,5.305505090220505,0.7861327034014941,5633,,Azerbaijan Grand Prix,d_coast_optimal,mlp,0.8818417627750866
10.699951813465841,4.6383137423038825,0.92547235984052,3828,,Bahrain Grand Prix,d_coast_optimal,mlp,0.8818417627750866
25.247689870751223,8.379210348720052,0.8432565059727587,5858,,Belgian Grand Prix,d_coast_optimal,mlp,0.8818417627750866
5.969018186418958,3.109627641348421,0.9470700714284159,5075,,British Grand Prix,d_coast_optimal,mlp,0.8818417627750866
13.757922930126732,5.264798257745236,0.9103072712435568,2797,,Canadian Grand Prix,d_coast_optimal,mlp,0.8818417627750866
18.52024810816214,5.542807355811301,0.8857859188973383,4527,,Chinese Grand Prix,d_coast_optimal,mlp,0.8818417627750866
9.682213097516081,3.1597390591716645,0.9032754376169778,4560,,Dutch Grand Prix,d_coast_optimal,mlp,0.8818417627750866
8.972497014493404,4.064679832223353,0.9021724403791823,5098,,Emilia Romagna Grand Prix,d_coast_optimal,mlp,0.8818417627750866
10.997358685247177,4.857042237688718,0.8943009744250676,5240,,Hungarian Grand Prix,d_coast_optimal,mlp,0.8818417627750866
17.693726118498002,7.876223407917505,0.7104324081898314,2795,,Italian Grand Prix,d_coast_optimal,mlp,0.8818417627750866
8.269218950066335,4.224769750547149,0.8358198362679494,6217,,Japanese Grand Prix,d_coast_optimal,mlp,0.8818417627750866
27.40893893348642,7.562166763909983,0.8063071331920935,4100,,Las Vegas Grand Prix,d_coast_optimal,mlp,0.8818417627750866
7.722593243310507,3.1282168172544136,0.964330212037225,3007,,Mexico City Grand Prix,d_coast_optimal,mlp,0.8818417627750866
13.523545525515406,4.7526116526613755,0.8500310016900777,5060,,Miami Grand Prix,d_coast_optimal,mlp,0.8818417627750866
11.624052816369248,3.6327890982557305,0.8543937393835245,4755,,Monaco Grand Prix,d_coast_optimal,mlp,0.8818417627750866
4.923680288036764,2.2810478808978902,0.9666719823960223,5999,,Qatar Grand Prix,d_coast_optimal,mlp,0.8818417627750866
6.19313551246958,2.7773501135743377,0.9369275387916425,7520,,Saudi Arabian Grand Prix,d_coast_optimal,mlp,0.8818417627750866
10.596264473561899,3.7274983038666254,0.9177236222513154,5330,,Singapore Grand Prix,d_coast_optimal,mlp,0.8818417627750866
10.26687317156684,4.122386944469966,0.9104831640877206,4120,,Spanish Grand Prix,d_coast_optimal,mlp,0.8818417627750866
9.364029083980984,3.6620232244381414,0.9257012028538822,3568,,São Paulo Grand Prix,d_coast_optimal,mlp,0.8818417627750866
12.392276278442536,4.752254906821934,0.8661862800426385,6576,,United States Grand Prix,d_coast_optimal,mlp,0.8818417627750866
2.9975227957631247,1.2320786674731357,0.937287661433442,3270,0.06661161768362499,Abu Dhabi Grand Prix,d_X_optimal,xgb,0.9895450585120971
0.6889946031936467,0.4691752667482674,0.9888980088948044,2310,0.015310991182081037,Australian Grand Prix,d_X_optimal,xgb,0.9895450585120971
0.9260993868550854,0.5734726951568625,0.9947119522508855,2399,0.020579986374557453,Austrian Grand Prix,d_X_optimal,xgb,0.9895450585120971
2.028059781316551,1.3184420330271593,0.9713866021422222,3975,0.04506799514036779,Azerbaijan Grand Prix,d_X_optimal,xgb,0.9895450585120971
0.825056114530197,0.518343243883994,0.9963725863214089,3198,0.018334580322893267,Bahrain Grand Prix,d_X_optimal,xgb,0.9895450585120971
0.8359663638564446,0.5884022803321812,0.9936958357708207,4228,0.018577030307920992,Belgian Grand Prix,d_X_optimal,xgb,0.9895450585120971
0.5321456572903107,0.3530615045810112,0.9926325036753755,2835,0.011825459050895794,British Grand Prix,d_X_optimal,xgb,0.9895450585120971
0.9460376457936586,0.4926177036693796,0.9929513072122939,2797,0.021023058795414634,Canadian Grand Prix,d_X_optimal,xgb,0.9895450585120971
1.9676209604912027,1.0171967239393296,0.9814224997601347,3707,0.04372491023313784,Chinese Grand Prix,d_X_optimal,xgb,0.9895450585120971
1.1302995252136796,0.6933867778927505,0.9881786382380449,2840,0.025117767226970657,Dutch Grand Prix,d_X_optimal,xgb,0.9895450585120971
0.46405491854834796,0.3028477614748289,0.9971805877310447,3899,0.01031233152329662,Emilia Romagna Grand Prix,d_X_optimal,xgb,0.9895450585120971
0.4213190294137703,0.30176088440529547,0.997874599190333,3480,0.009362645098083785,Hungarian Grand Prix,d_X_optimal,xgb,0.9895450585120971
1.0241526257228588,0.42758870305070923,0.990713043596194,2395,0.02275894723828575,Italian Grand Prix,d_X_optimal,xgb,0.9895450585120971
0.6142780683618076,0.4360138478546386,0.9971826858763817,3037,0.013650623741373503,Japanese Grand Prix,d_X_optimal,xgb,0.9895450585120971
0.9338310984897272,0.5584368307821984,0.9947120667042207,3760,0.020751802188660604,Las Vegas Grand Prix,d_X_optimal,xgb,0.9895450585120971
0.8955877830383623,0.6349565832584911,0.9953280220151229,2667,0.01990195073418583,Mexico City Grand Prix,d_X_optimal,xgb,0.9895450585120971
1.9887843386459194,1.1737968159192778,0.9699084111203526,2720,0.04419520752546487,Miami Grand Prix,d_X_optimal,xgb,0.9895450585120971
0.9651940341577679,0.5397304084640889,0.9963353536801015,3875,0.021448756314617064,Monaco Grand Prix,d_X_optimal,xgb,0.9895450585120971
0.23196986422588142,0.1818182059234477,0.9991188340098215,3599,0.005154885871686254,Qatar Grand Prix,d_X_optimal,xgb,0.9895450585120971
0.3405145171362368,0.25999052298107556,0.9691491152970003,3300,0.007566989269694151,Saudi Arabian Grand Prix,d_X_optimal,xgb,0.9895450585120971
1.4944840277792732,0.7861390566077824,0.9862677561725854,4430,0.03321075617287274,Singapore Grand Prix,d_X_optimal,xgb,0.9895450585120971
0.3706319283476905,0.2771229215880027,0.9967640748441142,3770,0.008236265074393121,Spanish Grand Prix,d_X_optimal,xgb,0.9895450585120971
0.6185598931912708,0.4328692371418926,0.9974499935110134,2848,0.013745775404250463,São Paulo Grand Prix,d_X_optimal,xgb,0.9895450585120971
2.0297780735228796,0.9568513396469581,0.9813799036342177,3578,0.04510617941161955,United States Grand Prix,d_X_optimal,xgb,0.9895450585120971
0.29408788986709966,0.19090667287872162,0.9993963540524027,3270,0.006535286441491104,Abu Dhabi Grand Prix,d_X_optimal,mlp,0.997507123883433
0.39227726312976735,0.21197207312611052,0.99640121826201,2310,0.00871727251399483,Australian Grand Prix,d_X_optimal,mlp,0.997507123883433
0.37022300078411796,0.24001934786789045,0.999154902206336,2399,0.008227177795202621,Austrian Grand Prix,d_X_optimal,mlp,0.997507123883433
0.8174689571638613,0.5891254851330827,0.9953510971824745,3975,0.018165976825863583,Azerbaijan Grand Prix,d_X_optimal,mlp,0.997507123883433
0.3720446815895907,0.23903402696231776,0.9992624010102942,3198,0.008267659590879793,Bahrain Grand Prix,d_X_optimal,mlp,0.997507123883433
0.5931886935873684,0.33834992537666775,0.996825790107606,4228,0.013181970968608186,Belgian Grand Prix,d_X_optimal,mlp,0.997507123883433
0.2346259488807698,0.15702625951258048,0.9985677759332127,2835,0.005213909975128218,British Grand Prix,d_X_optimal,mlp,0.997507123883433
0.8644808663518536,0.41391247607378207,0.9941142404486535,2797,0.01921068591893008,Canadian Grand Prix,d_X_optimal,mlp,0.997507123883433
0.684311680015966,0.4509149046133676,0.9977529522549379,3707,0.015206926222577022,Chinese Grand Prix,d_X_optimal,mlp,0.997507123883433
0.3444850755385852,0.24144572684593074,0.9989019522149908,2840,0.007655223900857449,Dutch Grand Prix,d_X_optimal,mlp,0.997507123883433
0.5343788574825667,0.24638997343660682,0.9962613194452588,3899,0.011875085721834816,Emilia Romagna Grand Prix,d_X_optimal,mlp,0.997507123883433
0.2452126781258805,0.17641010746928953,0.9992800463584124,3480,0.005449170625019566,Hungarian Grand Prix,d_X_optimal,mlp,0.997507123883433
0.9599383720390424,0.45281629992439193,0.9918411162394007,2395,0.02133196382308983,Italian Grand Prix,d_X_optimal,mlp,0.997507123883433
0.3482350467546812,0.2405022451701288,0.999094579743961,3037,0.007738556594548471,Japanese Grand Prix,d_X_optimal,mlp,0.997507123883433
0.993889760986999,0.5199529408919473,0.9940100149873762,3760,0.022086439133044422,Las Vegas Grand Prix,d_X_optimal,mlp,0.997507123883433
0.5590480470017037,0.3381582181882891,0.9981795333148662,2667,0.012423289933371193,Mexico City Grand Prix,d_X_optimal,mlp,0.997507123883433
1.1108690154700025,0.6202549351614297,0.9906115165689539,2720,0.02468597812155561,Miami Grand Prix,d_X_optimal,mlp,0.997507123883433
0.9841271922738574,0.5169927135401381,0.9961901728475377,3875,0.021869493161641274,Monaco Grand Prix,d_X_optimal,mlp,0.997507123883433
0.17569207652713006,0.1261226116507619,0.9994945258603771,3599,0.003904268367269557,Qatar Grand Prix,d_X_optimal,mlp,0.997507123883433
0.1614166185726921,0.12485909233824631,0.9930674525714404,3300,0.0035870359682820467,Saudi Arabian Grand Prix,d_X_optimal,mlp,0.997507123883433
0.40134920227752363,0.2951328775763124,0.9990096156740194,4430,0.008918871161722748,Singapore Grand Prix,d_X_optimal,mlp,0.997507123883433
0.17761787126768125,0.13953616568503965,0.999256833488358,3770,0.003947063805948472,Spanish Grand Prix,d_X_optimal,mlp,0.997507123883433
0.3531829449726121,0.23978978980355786,0.9991686627931611,2848,0.007848509888280269,São Paulo Grand Prix,d_X_optimal,mlp,0.997507123883433
0.9854312766364764,0.4467023376293784,0.9956112838253839,3578,0.02189847281414392,United States Grand Prix,d_X_optimal,mlp,0.997507123883433
