rmse,mae,r2,n,nrmse,circuit,target,model,feature_set
14071.199533928138,8654.901116811187,0.9445823196484199,5250,0.040203427239794684,Abu Dhabi Grand Prix,P_deploy_mean_optimal,xgb_full,full
14626.256310259942,8602.61982335131,0.9675243271424036,3718,0.041789303743599834,Australian Grand Prix,P_deploy_mean_optimal,xgb_full,full
12241.226838708952,8573.458941264307,0.970649738523933,3599,0.03497493382488272,Austrian Grand Prix,P_deploy_mean_optimal,xgb_full,full
10437.088708710724,7246.752139346279,0.9433806050108211,5633,0.029820253453459213,Azerbaijan Grand Prix,P_deploy_mean_optimal,xgb_full,full
8244.052077938948,5419.978755064682,0.9626160598486257,3827,0.023554434508396994,Bahrain Grand Prix,P_deploy_mean_optimal,xgb_full,full
13051.568475844882,8033.27038163676,0.9813588133704373,5858,0.03729019564527109,Belgian Grand Prix,P_deploy_mean_optimal,xgb_full,full
11651.249930909022,6059.141717138527,0.9766528706408073,5085,0.03328928551688292,British Grand Prix,P_deploy_mean_optimal,xgb_full,full
9061.989184728927,6345.865233412788,0.9843373746212458,2797,0.025891397670654077,Canadian Grand Prix,P_deploy_mean_optimal,xgb_full,full
14559.621252304669,8096.122359883289,0.9314930985474108,4525,0.04159891786372762,Chinese Grand Prix,P_deploy_mean_optimal,xgb_full,full
9112.351585535136,6118.699373330426,0.9651306480938019,4559,0.026035290244386104,Dutch Grand Prix,P_deploy_mean_optimal,xgb_full,full
9659.914535430291,5800.175248768995,0.9817990429689141,5098,0.027599755815515117,Emilia Romagna Grand Prix,P_deploy_mean_optimal,xgb_full,full
6423.2637951730185,4478.294832198072,0.9620170313328287,5240,0.01835218227192291,Hungarian Grand Prix,P_deploy_mean_optimal,xgb_full,full
12156.935464226694,8655.867353736554,0.9818766964445131,2795,0.03473410132636198,Italian Grand Prix,P_deploy_mean_optimal,xgb_full,full
8503.619785910438,5366.813538944827,0.9825602314081673,6215,0.02429605653117268,Japanese Grand Prix,P_deploy_mean_optimal,xgb_full,full
10990.73502624988,7414.683331799928,0.9825415087208382,4099,0.03140210007499966,Las Vegas Grand Prix,P_deploy_mean_optimal,xgb_full,full
7457.670485108795,5662.6777254106755,0.9687076878326606,3007,0.0213076299574537,Mexico City Grand Prix,P_deploy_mean_optimal,xgb_full,full
10535.76316169314,5893.509959212996,0.9821862827209676,5059,0.030102180461980398,Miami Grand Prix,P_deploy_mean_optimal,xgb_full,full
7988.084435536961,5285.6332254666595,0.9692724187307693,4755,0.02282309838724846,Monaco Grand Prix,P_deploy_mean_optimal,xgb_full,full
8585.363775325575,5834.124167538013,0.9706656295396991,5999,0.0245296107866445,Qatar Grand Prix,P_deploy_mean_optimal,xgb_full,full
10799.939581819961,7018.514411418614,0.9842173298529825,7520,0.030856970233771316,Saudi Arabian Grand Prix,P_deploy_mean_optimal,xgb_full,full
10498.21445154952,6796.904081181438,0.9556686368608938,5328,0.02999489843299863,Singapore Grand Prix,P_deploy_mean_optimal,xgb_full,full
9378.094738774658,5857.021154571697,0.972330756639079,4120,0.026794556396499025,Spanish Grand Prix,P_deploy_mean_optimal,xgb_full,full
9691.365174416578,5667.531359567992,0.9683088222425225,3568,0.027689614784047367,São Paulo Grand Prix,P_deploy_mean_optimal,xgb_full,full
8450.57562991692,5099.844073841811,0.9664368885655921,6575,0.02414450179976263,United States Grand Prix,P_deploy_mean_optimal,xgb_full,full
12277.85354880099,6654.925507330564,0.957807913982354,5250,0.035079581568002824,Abu Dhabi Grand Prix,P_deploy_mean_optimal,xgb_geometry_only,geometry_only
12482.18333453292,7086.272650795095,0.976347725391667,3718,0.035663380955808344,Australian Grand Prix,P_deploy_mean_optimal,xgb_geometry_only,geometry_only
9984.45745252803,6701.152209360652,0.9804741016395587,3599,0.028527021292937226,Austrian Grand Prix,P_deploy_mean_optimal,xgb_geometry_only,geometry_only
10842.586688512696,8010.616197471704,0.938895628542676,5633,0.030978819110036273,Azerbaijan Grand Prix,P_deploy_mean_optimal,xgb_geometry_only,geometry_only
10125.107111299883,7077.357997276049,0.9436098990526025,3827,0.02892887746085681,Bahrain Grand Prix,P_deploy_mean_optimal,xgb_geometry_only,geometry_only
12621.61444788241,6742.6478617018765,0.9825667659319446,5858,0.036061755565378315,Belgian Grand Prix,P_deploy_mean_optimal,xgb_geometry_only,geometry_only
12661.527387101503,6959.3420400301175,0.9724284837405237,5085,0.03617579253457572,British Grand Prix,P_deploy_mean_optimal,xgb_geometry_only,geometry_only
9491.715594806914,6417.2265320199385,0.9828166864465009,2797,0.02711918741373404,Canadian Grand Prix,P_deploy_mean_optimal,xgb_geometry_only,geometry_only
15884.326140997555,8425.509263593322,0.9184598021575023,4525,0.04538378897427873,Chinese Grand Prix,P_deploy_mean_optimal,xgb_geometry_only,geometry_only
7055.833748258517,5056.827381741199,0.9790935825413886,4559,0.020159524995024332,Dutch Grand Prix,P_deploy_mean_optimal,xgb_geometry_only,geometry_only
9484.525487884614,5848.464069641706,0.9824539698159652,5098,0.027098644251098897,Emilia Romagna Grand Prix,P_deploy_mean_optimal,xgb_geometry_only,geometry_only
5714.7267595336825,3941.5377537511354,0.96993450704626,5240,0.01632779074152481,Hungarian Grand Prix,P_deploy_mean_optimal,xgb_geometry_only,geometry_only
12684.739017325912,7730.104325130845,0.98026885833454,2795,0.03624211147807403,Italian Grand Prix,P_deploy_mean_optimal,xgb_geometry_only,geometry_only
8546.186622309508,5523.037731730634,0.9823851968200683,6215,0.02441767606374145,Japanese Grand Prix,P_deploy_mean_optimal,xgb_geometry_only,geometry_only
11618.54826796459,8076.03776715287,0.9804900135353457,4099,0.03319585219418454,Las Vegas Grand Prix,P_deploy_mean_optimal,xgb_geometry_only,geometry_only
6204.299613976083,4475.077101080711,0.9783420773603099,3007,0.01772657032564595,Mexico City Grand Prix,P_deploy_mean_optimal,xgb_geometry_only,geometry_only
11880.113277708633,6764.151473050403,0.977350233976086,5059,0.03394318079345324,Miami Grand Prix,P_deploy_mean_optimal,xgb_geometry_only,geometry_only
7370.555669167274,5186.356807467672,0.9738396503782921,4755,0.021058730483335068,Monaco Grand Prix,P_deploy_mean_optimal,xgb_geometry_only,geometry_only
6528.875242626059,4877.047714319123,0.9830356935560263,5999,0.01865392926464588,Qatar Grand Prix,P_deploy_mean_optimal,xgb_geometry_only,geometry_only
14489.525404735188,8344.838223916257,0.9715916408745208,7520,0.04139864401352911,Saudi Arabian Grand Prix,P_deploy_mean_optimal,xgb_geometry_only,geometry_only
9121.40482744215,5773.76380083782,0.9665340107183567,5328,0.026061156649834712,Singapore Grand Prix,P_deploy_mean_optimal,xgb_geometry_only,geometry_only
7904.434902677224,5122.04786267124,0.9803433408941391,4120,0.022584099721934925,Spanish Grand Prix,P_deploy_mean_optimal,xgb_geometry_only,geometry_only
7768.081168757691,4646.926868012844,0.9796391468026412,3568,0.022194517625021972,São Paulo Grand Prix,P_deploy_mean_optimal,xgb_geometry_only,geometry_only
8738.587243207616,5325.78900546294,0.9641101137438423,6575,0.02496739212345033,United States Grand Prix,P_deploy_mean_optimal,xgb_geometry_only,geometry_only
13.310455850498302,5.3214539984681135,0.8549501614192099,5250,,Abu Dhabi Grand Prix,d_coast_optimal,xgb_full,full
25.2185979497878,11.087681735377013,0.8290656000893208,3719,,Australian Grand Prix,d_coast_optimal,xgb_full,full
15.035787471911922,5.499452163008732,0.7408784939172499,3599,,Austrian Grand Prix,d_coast_optimal,xgb_full,full
21.17993579219767,6.790116787567871,0.7455590507684474,5633,,Azerbaijan Grand Prix,d_coast_optimal,xgb_full,full
13.81819332928912,6.4938283199127795,0.8757042568287137,3828,,Bahrain Grand Prix,d_coast_optimal,xgb_full,full
28.866770126322937,10.567003535684801,0.7950996890938309,5858,,Belgian Grand Prix,d_coast_optimal,xgb_full,full
8.233078642936,3.9867239481959564,0.8991171460325718,5085,,British Grand Prix,d_coast_optimal,xgb_full,full
24.782687925198847,11.31816320991816,0.7089629306332186,2797,,Canadian Grand Prix,d_coast_optimal,xgb_full,full
23.826451772514975,7.892135240990508,0.8109638805513553,4527,,Chinese Grand Prix,d_coast_optimal,xgb_full,full
12.237815192947219,4.425963102657672,0.8454762351894551,4560,,Dutch Grand Prix,d_coast_optimal,xgb_full,full
11.513096278117683,5.1682504937176175,0.8389284463463632,5098,,Emilia Romagna Grand Prix,d_coast_optimal,xgb_full,full
11.148570909527079,4.8677628224271,0.8913742959047068,5240,,Hungarian Grand Prix,d_coast_optimal,xgb_full,full
24.635569729088225,14.436008246381444,0.4386463201295081,2795,,Italian Grand Prix,d_coast_optimal,xgb_full,full
9.343567850188393,4.55878082595167,0.790387494401307,6217,,Japanese Grand Prix,d_coast_optimal,xgb_full,full
37.7339829905734,10.413705380507816,0.6328914670241579,4100,,Las Vegas Grand Prix,d_coast_optimal,xgb_full,full
14.161913632929341,4.399705799368552,0.880045073419593,3007,,Mexico City Grand Prix,d_coast_optimal,xgb_full,full
17.64775430227969,5.6864985292685795,0.7446127254268062,5060,,Miami Grand Prix,d_coast_optimal,xgb_full,full
10.197489114315895,2.892822242444988,0.8879397981906044,4755,,Monaco Grand Prix,d_coast_optimal,xgb_full,full
5.648615492598417,2.9756842583624072,0.9561354359065309,5999,,Qatar Grand Prix,d_coast_optimal,xgb_full,full
6.660732760356039,3.1822234711077333,0.9270437284379559,7520,,Saudi Arabian Grand Prix,d_coast_optimal,xgb_full,full
11.5983311499857,4.54213946008751,0.9014264055080846,5330,,Singapore Grand Prix,d_coast_optimal,xgb_full,full
12.70875128230032,5.476789113778687,0.8628379114056941,4120,,Spanish Grand Prix,d_coast_optimal,xgb_full,full
10.78169486579426,4.180906590976874,0.9015013341011249,3568,,São Paulo Grand Prix,d_coast_optimal,xgb_full,full
16.226351901812098,5.4612276840991125,0.7705752589036667,6576,,United States Grand Prix,d_coast_optimal,xgb_full,full
15.731791288565036,6.545063967138789,0.7973774654910849,5250,,Abu Dhabi Grand Prix,d_coast_optimal,xgb_geometry_only,geometry_only
25.28652159147314,11.474377084493153,0.828143572404261,3719,,Australian Grand Prix,d_coast_optimal,xgb_geometry_only,geometry_only
15.622162663326373,5.766544870440401,0.7202736274837145,3599,,Austrian Grand Prix,d_coast_optimal,xgb_geometry_only,geometry_only
22.38107295148553,8.302757072504482,0.7158814861180652,5633,,Azerbaijan Grand Prix,d_coast_optimal,xgb_geometry_only,geometry_only
16.08076861426955,8.010017590967447,0.8316677485846788,3828,,Bahrain Grand Prix,d_coast_optimal,xgb_geometry_only,geometry_only
32.305756799946835,11.769095219615886,0.7433708009997937,5858,,Belgian Grand Prix,d_coast_optimal,xgb_geometry_only,geometry_only
9.302479297933836,4.935580996446566,0.8712075939462556,5085,,British Grand Prix,d_coast_optimal,xgb_geometry_only,geometry_only
24.663035500392844,11.94309340739733,0.7117664381953538,2797,,Canadian Grand Prix,d_coast_optimal,xgb_geometry_only,geometry_only
25.08080494168636,9.099835633154806,0.7905361940703934,4527,,Chinese Grand Prix,d_coast_optimal,xgb_geometry_only,geometry_only
15.002395945712593,6.246946599399855,0.767775120474913,4560,,Dutch Grand Prix,d_coast_optimal,xgb_geometry_only,geometry_only
12.564119131854325,6.095696999945154,0.8081778889283406,5098,,Emilia Romagna Grand Prix,d_coast_optimal,xgb_geometry_only,geometry_only
12.159936135290344,5.578325659178913,0.8707719498570756,5240,,Hungarian Grand Prix,d_coast_optimal,xgb_geometry_only,geometry_only
24.24979955176037,14.207125049668324,0.45608922869000024,2795,,Italian Grand Prix,d_coast_optimal,xgb_geometry_only,geometry_only
9.820812628207362,5.186380148730617,0.7684277302436284,6217,,Japanese Grand Prix,d_coast_optimal,xgb_geometry_only,geometry_only
37.613097277143474,11.277308206075679,0.6352398589922379,4100,,Las Vegas Grand Prix,d_coast_optimal,xgb_geometry_only,geometry_only
13.900515219244333,5.163439171422626,0.8844324247297985,3007,,Mexico City Grand Prix,d_coast_optimal,xgb_geometry_only,geometry_only
16.0563976721097,5.7713465702680615,0.7885943511292695,5060,,Miami Grand Prix,d_coast_optimal,xgb_geometry_only,geometry_only
12.063316526984886,3.5589706120838254,0.8431811205922733,4755,,Monaco Grand Prix,d_coast_optimal,xgb_geometry_only,geometry_only
6.474330462200745,3.9338064146272202,0.9423738616040223,5999,,Qatar Grand Prix,d_coast_optimal,xgb_geometry_only,geometry_only
7.328466811748774,3.6980465474658955,0.9116828871405388,7520,,Saudi Arabian Grand Prix,d_coast_optimal,xgb_geometry_only,geometry_only
12.234749321935793,5.116675902965415,0.8903118439418346,5330,,Singapore Grand Prix,d_coast_optimal,xgb_geometry_only,geometry_only
16.530789915900115,7.778020717449256,0.7679318489881558,4120,,Spanish Grand Prix,d_coast_optimal,xgb_geometry_only,geometry_only
10.985958241287724,4.128822155281412,0.8977337896302215,3568,,São Paulo Grand Prix,d_coast_optimal,xgb_geometry_only,geometry_only
17.58450707391354,6.505135511016156,0.7305619869537628,6576,,United States Grand Prix,d_coast_optimal,xgb_geometry_only,geometry_only
3.002881670819062,1.2231496196030995,0.9370632307850797,3270,0.06673070379597916,Abu Dhabi Grand Prix,d_X_optimal,xgb_full,full
0.7098743765252505,0.48881212452426587,0.988214928132927,2310,0.015774986145005568,Australian Grand Prix,d_X_optimal,xgb_full,full
0.8555923763739176,0.5066820741783298,0.9954864943849524,2399,0.01901316391942039,Austrian Grand Prix,d_X_optimal,xgb_full,full
1.9518708758732861,1.2752570462100987,0.973496080956991,3975,0.04337490835273969,Azerbaijan Grand Prix,d_X_optimal,xgb_full,full
0.8261967899582564,0.4996692704288392,0.9963625492782247,3198,0.01835992866573903,Bahrain Grand Prix,d_X_optimal,xgb_full,full
0.7884407514879512,0.5546370849471332,0.9943922578255668,4228,0.017520905588621138,Belgian Grand Prix,d_X_optimal,xgb_full,full
0.5341624095827409,0.35514576469924325,0.9925551501402379,2845,0.011870275768505353,British Grand Prix,d_X_optimal,xgb_full,full
0.9517649843627856,0.4874949962424369,0.9928657028992713,2797,0.021150332985839678,Canadian Grand Prix,d_X_optimal,xgb_full,full
2.0545789491257054,1.0411444183774472,0.9797441690836277,3707,0.04565730998057123,Chinese Grand Prix,d_X_optimal,xgb_full,full
1.0887842853442753,0.6577154551569968,0.9890310740254729,2840,0.024195206340983894,Dutch Grand Prix,d_X_optimal,xgb_full,full
0.4136918332697183,0.26327282845133626,0.9977593515630182,3899,0.009193151850438185,Emilia Romagna Grand Prix,d_X_optimal,xgb_full,full
0.437756846377976,0.3126589899444514,0.9977055183664346,3480,0.009727929919510579,Hungarian Grand Prix,d_X_optimal,xgb_full,full
1.0267708624165088,0.4309545852909776,0.9906654988640349,2395,0.02281713027592242,Italian Grand Prix,d_X_optimal,xgb_full,full
0.6846944650768009,0.47608496263085803,0.9964997514298534,3037,0.01521543255726224,Japanese Grand Prix,d_X_optimal,xgb_full,full
0.9632448113442923,0.5782623359313807,0.994373702930281,3760,0.021405440252095384,Las Vegas Grand Prix,d_X_optimal,xgb_full,full
1.0438540122396271,0.7034576638764147,0.9936530657973576,2667,0.02319675582754727,Mexico City Grand Prix,d_X_optimal,xgb_full,full
2.22130980929568,1.256089492665856,0.962460541301446,2720,0.049362440206570664,Miami Grand Prix,d_X_optimal,xgb_full,full
1.067305379472924,0.610350651391945,0.9955189457098511,3875,0.02371789732162053,Monaco Grand Prix,d_X_optimal,xgb_full,full
0.2362307286315101,0.175045759897925,0.99908616588073,3599,0.005249571747366891,Qatar Grand Prix,d_X_optimal,xgb_full,full
0.3711003364480315,0.2832017381707316,0.9633580097271515,3300,0.008246674143289588,Saudi Arabian Grand Prix,d_X_optimal,xgb_full,full
1.375181780263904,0.7564746912676352,0.988372692187209,4430,0.030559595116975643,Singapore Grand Prix,d_X_optimal,xgb_full,full
0.39735792134692854,0.2926011529234954,0.9962805685407657,3770,0.008830176029931745,Spanish Grand Prix,d_X_optimal,xgb_full,full
0.6036175184711312,0.4041235420530113,0.997571705020033,2848,0.013413722632691805,São Paulo Grand Prix,d_X_optimal,xgb_full,full
1.9741865916968726,0.9516480851415874,0.9823858696226193,3578,0.04387081314881939,United States Grand Prix,d_X_optimal,xgb_full,full
2.658039767538592,1.2760825742605388,0.9506881886616001,3270,0.05906755038974649,Abu Dhabi Grand Prix,d_X_optimal,xgb_geometry_only,geometry_only
0.7176625674774473,0.5380778518147641,0.9879549162584328,2310,0.015948057055054383,Australian Grand Prix,d_X_optimal,xgb_geometry_only,geometry_only
0.48823361980383895,0.33925794527519454,0.9985302768395617,2399,0.010849635995640865,Austrian Grand Prix,d_X_optimal,xgb_geometry_only,geometry_only
1.238979874512244,0.8568885436887353,0.989320856255899,3975,0.02753288610027209,Azerbaijan Grand Prix,d_X_optimal,xgb_geometry_only,geometry_only
0.9767693889020093,0.5355780138782331,0.994915898721482,3198,0.021705986420044652,Bahrain Grand Prix,d_X_optimal,xgb_geometry_only,geometry_only
0.626540117834274,0.4120398955216673,0.9964588226281558,4228,0.013923113729650534,Belgian Grand Prix,d_X_optimal,xgb_geometry_only,geometry_only
0.7515871155934256,0.5146616398164422,0.9852610022702433,2845,0.016701935902076123,British Grand Prix,d_X_optimal,xgb_geometry_only,geometry_only
1.000925496539976,0.5975713314835398,0.9921096685050776,2797,0.022242788811999467,Canadian Grand Prix,d_X_optimal,xgb_geometry_only,geometry_only
2.1882800718809774,1.1056810432185424,0.9770221068460165,3707,0.0486284460417995,Chinese Grand Prix,d_X_optimal,xgb_geometry_only,geometry_only
0.38896593633310467,0.27046298068032826,0.9986000789077181,2840,0.008643687474068993,Dutch Grand Prix,d_X_optimal,xgb_geometry_only,geometry_only
0.7115951211744622,0.5199076088596025,0.9933704240763239,3899,0.015813224914988048,Emilia Romagna Grand Prix,d_X_optimal,xgb_geometry_only,geometry_only
0.27972020009958476,0.21591438677958585,0.9990631580009891,3480,0.006216004446657439,Hungarian Grand Prix,d_X_optimal,xgb_geometry_only,geometry_only
1.0011694956933308,0.4221707254346634,0.9911251860207823,2395,0.022248211015407353,Italian Grand Prix,d_X_optimal,xgb_geometry_only,geometry_only
0.6768494581363458,0.5005329892489135,0.9965795013470696,3037,0.015041099069696574,Japanese Grand Prix,d_X_optimal,xgb_geometry_only,geometry_only
1.3015480902303387,0.8305466193106781,0.989727651586524,3760,0.028923290894007525,Las Vegas Grand Prix,d_X_optimal,xgb_geometry_only,geometry_only
0.8655995962501483,0.5247700398037455,0.9956356601986239,2667,0.019235546583336628,Mexico City Grand Prix,d_X_optimal,xgb_geometry_only,geometry_only
1.9922633485545675,1.101808642399902,0.9698030397125067,2720,0.04427251885676817,Miami Grand Prix,d_X_optimal,xgb_geometry_only,geometry_only
1.1632148640408286,0.6996353520642491,0.9946774139036826,3875,0.025849219200907304,Monaco Grand Prix,d_X_optimal,xgb_geometry_only,geometry_only
0.29844974001213087,0.21782111857644523,0.9985413973447467,3599,0.00663221644471402,Qatar Grand Prix,d_X_optimal,xgb_geometry_only,geometry_only
0.34502068656617,0.26611545922855007,0.9683271875580794,3300,0.007667126368137112,Saudi Arabian Grand Prix,d_X_optimal,xgb_geometry_only,geometry_only
0.7185277367688433,0.4904056445688656,0.996825714207182,4430,0.01596728303930763,Singapore Grand Prix,d_X_optimal,xgb_geometry_only,geometry_only
0.40257367251168147,0.2941409260946593,0.9961822846086205,3770,0.008946081611370699,Spanish Grand Prix,d_X_optimal,xgb_geometry_only,geometry_only
0.5081877337023298,0.3232033356555457,0.9982788206493256,2848,0.011293060748940664,São Paulo Grand Prix,d_X_optimal,xgb_geometry_only,geometry_only
1.5870460664066242,0.7761154614691624,0.9886168128340206,3578,0.035267690364591646,United States Grand Prix,d_X_optimal,xgb_geometry_only,geometry_only
