rmse,mae,r2,n,nrmse,circuit,target,model
12198.562416673996,6928.785261923307,0.9583511124602357,5250,0.034853035476211415,Abu Dhabi Grand Prix,P_deploy_mean_optimal,xgb_tuned
12588.1523574364,6844.8342323514125,0.9759444229256207,3718,0.035966149592675425,Australian Grand Prix,P_deploy_mean_optimal,xgb_tuned
9704.191357775191,6503.10516932804,0.9815549096569184,3599,0.027726261022214833,Austrian Grand Prix,P_deploy_mean_optimal,xgb_tuned
11085.20551786901,7997.055783776373,0.936130432765962,5633,0.031672015765340025,Azerbaijan Grand Prix,P_deploy_mean_optimal,xgb_tuned
10088.705020204581,6998.785874109064,0.9440146409625645,3827,0.028824871486298802,Bahrain Grand Prix,P_deploy_mean_optimal,xgb_tuned
12267.690978366169,6402.635006365128,0.9835307509444462,5858,0.035050545652474764,Belgian Grand Prix,P_deploy_mean_optimal,xgb_tuned
12585.5303296858,6847.085422127793,0.972582079181543,5075,0.035958658084816575,British Grand Prix,P_deploy_mean_optimal,xgb_tuned
10086.703371529265,6769.957094919711,0.9805948957535856,2797,0.028819152490083617,Canadian Grand Prix,P_deploy_mean_optimal,xgb_tuned
14988.543181048188,8110.446777291054,0.9273972590737856,4525,0.04282440908870911,Chinese Grand Prix,P_deploy_mean_optimal,xgb_tuned
7276.952655358041,5126.253556870083,0.9777627008594401,4559,0.020791293301022973,Dutch Grand Prix,P_deploy_mean_optimal,xgb_tuned
9071.298514251761,5452.542580603455,0.9839495736282532,5098,0.02591799575500503,Emilia Romagna Grand Prix,P_deploy_mean_optimal,xgb_tuned
5741.573194482006,3857.22375002792,0.9696513623788816,5240,0.01640449484137716,Hungarian Grand Prix,P_deploy_mean_optimal,xgb_tuned
12000.151976153295,7112.2423121895,0.982341141170749,2795,0.03428614850329513,Italian Grand Prix,P_deploy_mean_optimal,xgb_tuned
8755.85615750919,5509.798975289664,0.9815102820174492,6215,0.025016731878597685,Japanese Grand Prix,P_deploy_mean_optimal,xgb_tuned
11165.674746235722,7778.909609515824,0.981981311370094,4099,0.031901927846387776,Las Vegas Grand Prix,P_deploy_mean_optimal,xgb_tuned
6719.714988570437,4592.208191310315,0.9745941938601677,3007,0.01919918568162982,Mexico City Grand Prix,P_deploy_mean_optimal,xgb_tuned
12771.496707169254,7008.233430840493,0.9738238272500729,5059,0.03648999059191215,Miami Grand Prix,P_deploy_mean_optimal,xgb_tuned
7012.026762858692,5067.318131231604,0.9763228071003817,4755,0.02003436217959626,Monaco Grand Prix,P_deploy_mean_optimal,xgb_tuned
6504.781261967088,4873.09456581104,0.9831606717365221,5999,0.018585089319905965,Qatar Grand Prix,P_deploy_mean_optimal,xgb_tuned
15070.617136479686,8579.088369988212,0.9692673576480925,7520,0.043058906104227676,Saudi Arabian Grand Prix,P_deploy_mean_optimal,xgb_tuned
8573.823635429122,5466.525794953828,0.9704314997574407,5328,0.02449663895836892,Singapore Grand Prix,P_deploy_mean_optimal,xgb_tuned
8076.061496900007,4896.053045730874,0.9794804757979175,4120,0.023074461419714306,Spanish Grand Prix,P_deploy_mean_optimal,xgb_tuned
7678.234480531616,4722.75001849155,0.9801074158393457,3568,0.021937812801518904,São Paulo Grand Prix,P_deploy_mean_optimal,xgb_tuned
9101.004225876623,5576.931255691752,0.9610714469913622,6575,0.02600286921679035,United States Grand Prix,P_deploy_mean_optimal,xgb_tuned
11.517051464383556,4.8569566980721985,0.8914039556179987,5250,,Abu Dhabi Grand Prix,d_coast_optimal,twostage_ratio
25.50710006894551,10.667661325848306,0.8251322315907443,3719,,Australian Grand Prix,d_coast_optimal,twostage_ratio
14.690960709981475,4.991108051810164,0.7526274551441582,3599,,Austrian Grand Prix,d_coast_optimal,twostage_ratio
20.910311015596076,6.727722902545327,0.751995983926186,5633,,Azerbaijan Grand Prix,d_coast_optimal,twostage_ratio
14.142015944399432,6.5629079935039,0.8698103764180709,3828,,Bahrain Grand Prix,d_coast_optimal,twostage_ratio
28.194802129047517,10.16182980849181,0.8045281011325103,5858,,Belgian Grand Prix,d_coast_optimal,twostage_ratio
8.657507960031436,3.9880491183857116,0.8886522866430263,5075,,British Grand Prix,d_coast_optimal,twostage_ratio
24.963356796333713,11.678731735283359,0.7047040704818601,2797,,Canadian Grand Prix,d_coast_optimal,twostage_ratio
23.543419569532134,7.976710760664341,0.8154282908985426,4527,,Chinese Grand Prix,d_coast_optimal,twostage_ratio
11.88306170896052,4.279283777607484,0.8543051486782023,4560,,Dutch Grand Prix,d_coast_optimal,twostage_ratio
12.823150278872085,5.681272999414731,0.8001868627147347,5098,,Emilia Romagna Grand Prix,d_coast_optimal,twostage_ratio
11.149372884752703,4.872114646684367,0.8913586673084354,5240,,Hungarian Grand Prix,d_coast_optimal,twostage_ratio
30.102890285374365,17.54621054358563,0.16183842930734738,2795,,Italian Grand Prix,d_coast_optimal,twostage_ratio
9.52808749609323,4.409818628140217,0.7820267622388379,6217,,Japanese Grand Prix,d_coast_optimal,twostage_ratio
39.93518381692601,10.78753172992762,0.5888118823315157,4100,,Las Vegas Grand Prix,d_coast_optimal,twostage_ratio
13.834402892818817,4.289721649084665,0.8855291138474716,3007,,Mexico City Grand Prix,d_coast_optimal,twostage_ratio
17.685099591233996,5.632276207125932,0.7435307064003062,5060,,Miami Grand Prix,d_coast_optimal,twostage_ratio
10.703683980470897,2.9526114308908933,0.876538526430598,4755,,Monaco Grand Prix,d_coast_optimal,twostage_ratio
5.533798188229732,2.790612432297956,0.9579005496365104,5999,,Qatar Grand Prix,d_coast_optimal,twostage_ratio
6.367861931159709,3.132383032057188,0.9333184188508599,7520,,Saudi Arabian Grand Prix,d_coast_optimal,twostage_ratio
11.215453870439605,4.484586133740006,0.9078270915455153,5330,,Singapore Grand Prix,d_coast_optimal,twostage_ratio
12.734635318199475,5.411140749236935,0.8622786237432192,4120,,Spanish Grand Prix,d_coast_optimal,twostage_ratio
10.849886796189953,3.8809455585607564,0.900251427576311,3568,,São Paulo Grand Prix,d_coast_optimal,twostage_ratio
16.269156582622422,5.31996704577844,0.7693632297405382,6576,,United States Grand Prix,d_coast_optimal,twostage_ratio
2.5388342875827896,1.197896880210974,0.9550119968496436,3270,0.056418539724061995,Abu Dhabi Grand Prix,d_X_optimal,xgb_tuned
0.5260236307777886,0.4173747455334633,0.993528875671604,2310,0.01168941401728419,Australian Grand Prix,d_X_optimal,xgb_tuned
0.46617304809462723,0.3316158041125787,0.9986600934910567,2399,0.010359401068769494,Austrian Grand Prix,d_X_optimal,xgb_tuned
1.2909434602940215,0.8491097315325482,0.9884062916258758,3975,0.028687632450978256,Azerbaijan Grand Prix,d_X_optimal,xgb_tuned
1.149155859127383,0.5803652392282298,0.9929629929953007,3198,0.025536796869497398,Bahrain Grand Prix,d_X_optimal,xgb_tuned
0.6616619975459328,0.4285392503924318,0.9960506802687809,4228,0.014703599945465173,Belgian Grand Prix,d_X_optimal,xgb_tuned
0.7747375401906894,0.4994311367214197,0.9843840617156038,2835,0.01721638978201532,British Grand Prix,d_X_optimal,xgb_tuned
0.9490997854550548,0.5554738820124228,0.9929056028715049,2797,0.021091106343445663,Canadian Grand Prix,d_X_optimal,xgb_tuned
2.287655978470263,1.1157882349898998,0.9748877384993767,3707,0.0508367995215614,Chinese Grand Prix,d_X_optimal,xgb_tuned
0.3779426596708645,0.2549841448175303,0.9986783019550545,2840,0.008398725770463656,Dutch Grand Prix,d_X_optimal,xgb_tuned
0.6996327447061441,0.5000223753817767,0.9935914455317226,3899,0.015547394326803203,Emilia Romagna Grand Prix,d_X_optimal,xgb_tuned
0.23039280504376808,0.17764666473522522,0.9993644400586336,3480,0.005119840112083735,Hungarian Grand Prix,d_X_optimal,xgb_tuned
1.013495160150054,0.45378733698191626,0.9909053204895644,2395,0.0225221146700012,Italian Grand Prix,d_X_optimal,xgb_tuned
0.6366098902682805,0.45714566072197743,0.996974117807407,3037,0.014146886450406234,Japanese Grand Prix,d_X_optimal,xgb_tuned
1.2656049598615875,0.8168930190251918,0.990287173322306,3760,0.028124554663590835,Las Vegas Grand Prix,d_X_optimal,xgb_tuned
0.7009885305619978,0.4801497333741336,0.9971377583915381,2667,0.01557752290137773,Mexico City Grand Prix,d_X_optimal,xgb_tuned
2.0633198722373614,1.054665667891591,0.967610603275172,2720,0.04585155271638581,Miami Grand Prix,d_X_optimal,xgb_tuned
1.1545832113675933,0.6927804180973453,0.994756113474388,3875,0.02565740469705763,Monaco Grand Prix,d_X_optimal,xgb_tuned
0.3067096545473101,0.20356892103156693,0.9984595433416737,3599,0.006815770101051335,Qatar Grand Prix,d_X_optimal,xgb_tuned
0.2485303472695699,0.19242534779653675,0.9835655485699787,3300,0.005522896605990442,Saudi Arabian Grand Prix,d_X_optimal,xgb_tuned
0.7260313307508205,0.47007045419471133,0.9967590698196067,4430,0.016134029572240454,Singapore Grand Prix,d_X_optimal,xgb_tuned
0.36072661086701563,0.24239080608561614,0.9969347269084579,3770,0.008016146908155903,Spanish Grand Prix,d_X_optimal,xgb_tuned
0.6082569496890221,0.30180162218820694,0.9975342336003853,2848,0.013516821104200492,São Paulo Grand Prix,d_X_optimal,xgb_tuned
1.6635645543848279,0.7648027637100562,0.9874926838634032,3578,0.03696810120855173,United States Grand Prix,d_X_optimal,xgb_tuned
